Feature1,Feature2,Feature3
1,64,B
2,94,B
3,11,C
4,56,C
5,30,A
6,62,C
7,13,A
8,45,C
9,99,B
10,86,A
11,29,B
12,62,A
13,14,C
14,50,B
15,30,B
16,83,C
17,86,C
18,69,C
19,47,A
20,56,C
21,97,C
22,51,B
23,96,A
24,24,A
25,75,B
26,9,C
27,19,C
28,52,B
29,79,B
30,60,B
31,1,B
32,10,B
33,34,B
34,43,B
35,98,A
36,6,B
37,72,A
38,57,C
39,48,B
40,43,A
41,8,C
42,54,C
43,53,B
44,7,B
45,75,A
46,98,A
47,9,B
48,52,B
49,77,A
50,59,C
51,62,B
52,45,A
53,50,A
54,24,C
55,57,C
56,25,C
57,37,C
58,31,B
59,69,B
60,12,C
61,38,A
62,76,B
63,41,C
64,84,C
65,6,C
66,35,A
67,93,C
68,90,A
69,93,C
70,25,A
71,15,A
72,77,B
73,5,C
74,5,C
75,88,A
76,60,A
77,42,C
78,5,B
79,17,A
80,20,C
81,82,C
82,24,B
83,77,B
84,99,C
85,23,C
86,54,C
87,49,C
88,38,A
89,20,C
90,12,C
91,28,B
92,56,C
93,46,C
94,65,B
95,68,A
96,79,A
97,97,C
98,28,B
99,90,C
100,67,A
101,1,C
102,0,B
103,52,A
104,19,A
105,21,B
106,13,B
107,42,C
108,75,B
109,28,A
110,37,B
111,88,A
112,23,A
113,83,B
114,50,B
115,9,B
116,85,A
117,95,B
118,92,A
119,64,A
120,11,C
121,69,B
122,57,A
123,84,B
124,20,A
125,32,C
126,83,A
127,8,C
128,3,B
129,9,B
130,36,A
131,5,A
132,34,A
133,51,A
134,55,B
135,23,B
136,98,C
137,42,C
138,94,C
139,98,B
140,48,A
141,29,A
142,99,A
143,3,C
144,89,A
145,89,C
146,30,C
147,45,A
148,63,A
149,16,A
150,60,C
151,87,C
152,81,A
153,48,C
154,31,C
155,83,C
156,32,B
157,2,C
158,85,B
159,9,B
160,94,A
161,37,A
162,37,A
163,16,C
164,48,B
165,94,A
166,1,A
167,5,A
168,64,B
169,78,A
170,97,A
171,62,A
172,79,B
173,91,C
174,6,C
175,13,B
176,16,C
177,28,C
178,38,B
179,11,A
180,58,A
181,4,C
182,6,C
183,39,C
184,28,C
185,1,A
186,56,B
187,49,B
188,7,C
189,8,A
190,90,C
191,96,C
192,16,C
193,64,A
194,30,A
195,21,A
196,46,A
197,8,C
198,34,C
199,63,A
200,52,B
201,66,B
202,48,C
203,12,B
204,86,B
205,53,B
206,30,C
207,22,C
208,43,B
209,98,C
210,1,B
211,91,C
212,57,A
213,53,A
214,37,C
215,87,B
216,47,A
217,9,A
218,31,A
219,35,B
220,90,C
221,82,C
222,36,C
223,32,A
224,44,B
225,53,C
226,19,B
227,13,C
228,37,A
229,64,B
230,92,A
231,57,A
232,81,A
233,25,B
234,53,A
235,69,A
236,45,A
237,24,C
238,89,B
239,55,A
240,89,B
241,75,C
242,14,C
243,21,A
244,19,B
245,33,B
246,77,C
247,27,C
248,20,C
249,81,A
250,90,A
251,60,B
252,74,A
253,89,C
254,87,B
255,66,C
256,47,B
257,45,A
258,89,A
259,14,B
260,24,C
261,46,B
262,8,C
263,90,C
264,34,A
265,78,C
266,34,C
267,83,B
268,0,A
269,94,A
270,11,C
271,91,C
272,15,C
273,91,A
274,49,B
275,35,A
276,63,C
277,82,C
278,35,C
279,69,A
280,69,B
281,67,A
282,0,C
283,99,A
284,59,C
285,64,A
286,6,C
287,96,C
288,2,C
289,12,B
290,96,B
291,76,B
292,7,B
293,12,A
294,83,A
295,77,A
296,11,B
297,54,A
298,84,C
299,41,B
300,50,C
301,59,C
302,99,C
303,71,A
304,10,B
305,29,C
306,45,A
307,71,C
308,94,C
309,53,C
310,12,C
311,24,C
312,60,C
313,40,C
314,21,C
315,72,A
316,35,B
317,62,A
318,68,B
319,94,A
320,51,B
321,47,B
322,89,C
323,40,B
324,13,A
325,6,C
326,14,B
327,79,C
328,77,A
329,18,A
330,66,B
331,40,A
332,23,B
333,15,B
334,69,B
335,52,C
336,41,A
337,50,B
338,95,A
339,17,C
340,40,B
341,40,A
342,13,C
343,64,B
344,12,B
345,49,A
346,56,A
347,53,C
348,82,C
349,60,C
350,0,B
351,0,B
352,45,C
353,38,B
354,24,C
355,46,C
356,37,C
357,33,C
358,23,C
359,9,B
360,72,A
361,45,C
362,32,B
363,68,C
364,94,A
365,96,C
366,25,A
367,19,B
368,54,B
369,71,C
370,26,B
371,29,B
372,42,A
373,67,A
374,68,B
375,69,C
376,68,B
377,96,A
378,26,C
379,94,B
380,43,B
381,21,A
382,56,A
383,87,A
384,76,A
385,41,B
386,19,A
387,69,C
388,37,A
389,80,A
390,43,A
391,7,A
392,58,B
393,39,B
394,37,A
395,67,C
396,42,B
397,58,A
398,11,A
399,30,B
400,98,C
401,27,C
402,88,A
403,80,C
404,32,C
405,40,C
406,62,A
407,67,B
408,26,C
409,1,B
410,18,A
411,0,B
412,38,B
413,97,C
414,71,C
415,58,C
416,18,A
417,50,B
418,66,C
419,41,A
420,90,A
421,33,B
422,89,A
423,81,C
424,29,C
425,66,C
426,17,A
427,20,C
428,47,A
429,22,B
430,57,A
431,38,C
432,52,C
433,73,A
434,49,C
435,99,C
436,91,B
437,72,A
438,11,A
439,17,C
440,21,A
441,74,A
442,87,B
443,69,A
444,51,B
445,88,C
446,61,A
447,45,A
448,84,A
449,94,C
450,41,A
451,18,B
452,19,C
453,87,B
454,72,C
455,74,C
456,48,A
457,69,A
458,85,C
459,43,A
460,22,B
461,11,A
462,53,B
463,22,A
464,40,B
465,45,A
466,73,C
467,33,C
468,44,B
469,94,C
470,73,B
471,28,B
472,7,B
473,80,C
474,23,C
475,1,B
476,73,B
477,37,A
478,61,C
479,29,B
480,89,B
481,10,C
482,29,A
483,79,C
484,86,C
485,50,B
486,4,B
487,57,B
488,66,A
489,89,C
490,42,C
491,88,B
492,14,C
493,40,B
494,19,A
495,90,C
496,27,C
497,9,C
498,61,C
499,18,A
500,9,C
501,36,C
502,40,B
503,34,A
504,53,B
505,40,B
506,4,A
507,36,B
508,62,B
509,29,B
510,53,C
511,80,A
512,69,A
513,0,A
514,25,B
515,23,B
516,65,A
517,59,C
518,22,A
519,16,B
520,13,B
521,32,C
522,23,A
523,3,C
524,24,B
525,77,C
526,8,C
527,81,C
528,83,A
529,51,A
530,40,B
531,18,A
532,60,C
533,0,A
534,71,B
535,93,B
536,66,B
537,92,B
538,28,C
539,17,A
540,61,C
541,72,A
542,63,C
543,99,B
544,34,C
545,38,A
546,62,C
547,33,A
548,24,C
549,54,B
550,45,A
551,53,B
552,1,C
553,67,C
554,57,C
555,11,B
556,48,A
557,63,B
558,60,B
559,16,B
560,63,C
561,93,C
562,19,B
563,8,C
564,71,C
565,55,A
566,20,B
567,80,B
568,23,C
569,5,B
570,13,B
571,9,A
572,66,A
573,67,C
574,77,A
575,77,A
576,40,C
577,40,C
578,1,C
579,84,C
580,16,B
581,47,C
582,73,B
583,27,A
584,71,B
585,70,C
586,36,C
587,26,B
588,68,C
589,46,A
590,38,C
591,58,B
592,53,B
593,1,A
594,41,B
595,69,C
596,8,C
597,71,C
598,45,B
599,14,A
600,14,C
601,44,B
602,90,C
603,17,C
604,87,B
605,42,B
606,2,B
607,16,B
608,62,B
609,59,C
610,97,A
611,7,C
612,58,B
613,88,B
614,45,B
615,47,C
616,3,C
617,79,C
618,8,A
619,63,C
620,37,B
621,36,B
622,50,A
623,42,C
624,42,B
625,33,B
626,61,A
627,68,A
628,35,C
629,16,A
630,80,C
631,22,C
632,14,C
633,23,C
634,71,C
635,93,A
636,61,A
637,25,C
638,4,A
639,62,B
640,92,B
641,89,A
642,35,B
643,51,C
644,39,C
645,17,A
646,17,A
647,71,A
648,1,A
649,22,C
650,9,B
651,26,C
652,76,A
653,66,B
654,71,C
655,49,C
656,1,B
657,47,B
658,25,B
659,29,C
660,29,C
661,23,A
662,86,B
663,47,C
664,55,C
665,7,B
666,70,C
667,35,C
668,86,C
669,57,A
670,59,B
671,25,B
672,95,A
673,75,C
674,82,B
675,5,C
676,62,B
677,22,C
678,39,B
679,44,A
680,22,B
681,41,A
682,13,A
683,43,C
684,21,B
685,32,A
686,47,A
687,82,A
688,28,C
689,25,A
690,37,C
691,67,C
692,29,B
693,56,B
694,77,A
695,96,A
696,78,B
697,45,C
698,79,B
699,57,B
700,0,C
701,67,A
702,48,A
703,72,C
704,45,B
705,31,C
706,7,A
707,65,B
708,32,C
709,4,A
710,1,A
711,72,B
712,92,A
713,46,C
714,2,B
715,84,B
716,87,A
717,34,C
718,53,C
719,6,C
720,13,B
721,75,A
722,25,B
723,88,B
724,68,A
725,17,A
726,54,C
727,6,A
728,56,C
729,58,C
730,69,A
731,22,B
732,86,C
733,57,A
734,52,A
735,19,B
736,85,A
737,0,A
738,77,B
739,84,B
740,44,B
741,21,B
742,99,B
743,26,C
744,15,A
745,12,C
746,87,A
747,25,C
748,90,A
749,47,A
750,71,A
751,73,C
752,43,C
753,36,C
754,64,C
755,49,B
756,53,A
757,21,A
758,62,C
759,76,A
760,26,C
761,44,B
762,93,A
763,69,B
764,85,C
765,5,A
766,75,A
767,34,B
768,30,C
769,0,B
770,82,B
771,78,A
772,56,A
773,5,B
774,98,B
775,20,C
776,59,C
777,16,A
778,17,C
779,50,C
780,12,C
781,14,C
782,67,B
783,78,C
784,36,C
785,76,B
786,91,A
787,59,A
788,36,C
789,84,B
790,33,A
791,64,A
792,66,C
793,11,A
794,2,C
795,31,C
796,33,B
797,82,B
798,9,B
799,74,A
800,49,B
801,80,C
802,76,B
803,78,B
804,9,A
805,47,C
806,26,C
807,95,C
808,6,B
809,70,B
810,57,A
811,59,A
812,4,A
813,14,A
814,18,C
815,50,B
816,95,B
817,32,B
818,10,C
819,86,B
820,0,A
821,53,B
822,98,A
823,97,C
824,2,A
825,65,A
826,22,B
827,76,B
828,16,A
829,1,A
830,78,A
831,54,C
832,52,A
833,44,B
834,39,C
835,69,A
836,63,C
837,32,B
838,84,A
839,9,C
840,65,C
841,65,A
842,13,A
843,61,A
844,71,B
845,78,C
846,31,B
847,52,C
848,21,A
849,57,B
850,89,C
851,49,A
852,67,C
853,31,A
854,80,C
855,86,C
856,57,A
857,76,A
858,28,A
859,98,C
860,69,C
861,94,A
862,7,B
863,99,A
864,41,A
865,11,C
866,61,B
867,63,B
868,5,C
869,45,A
870,51,C
871,82,B
872,2,B
873,17,B
874,79,C
875,98,A
876,48,B
877,19,C
878,57,A
879,6,C
880,53,B
881,30,B
882,47,B
883,63,B
884,39,A
885,16,A
886,60,A
887,81,A
888,39,C
889,65,A
890,57,C
891,89,B
892,37,A
893,10,A
894,32,C
895,20,C
896,21,A
897,6,A
898,32,A
899,34,B
900,13,B
901,51,C
902,91,C
903,25,B
904,47,B
905,13,A
906,43,A
907,47,A
908,40,C
909,99,A
910,12,C
911,75,C
912,84,C
913,66,A
914,85,C
915,77,A
916,80,A
917,41,A
918,19,C
919,14,A
920,60,B
921,4,B
922,55,B
923,70,B
924,86,A
925,62,A
926,69,B
927,97,A
928,74,B
929,87,A
930,29,B
931,32,A
932,16,A
933,32,A
934,1,B
935,69,B
936,48,C
937,3,A
938,37,C
939,37,C
940,6,C
941,54,C
942,63,B
943,82,B
944,15,A
945,11,C
946,70,A
947,97,A
948,69,A
949,62,A
950,36,C
951,66,B
952,53,C
953,62,C
954,63,C
955,72,B
956,77,C
957,62,A
958,56,B
959,14,B
960,66,A
961,0,A
962,92,B
963,80,C
964,5,B
965,49,A
966,78,C
967,92,C
968,13,B
969,34,C
970,63,B
971,66,A
972,60,A
973,33,C
974,38,C
975,13,C
976,72,C
977,57,B
978,82,A
979,95,B
980,61,A
981,38,C
982,99,C
983,57,A
984,18,B
985,45,A
986,3,B
987,22,C
988,36,B
989,74,C
990,2,A
991,55,B
992,9,C
993,28,C
994,51,B
995,84,B
996,1,A
997,67,A
998,55,B
999,6,C
1000,73,C
1001,62,C
1002,87,A
1003,24,B
1004,17,A
1005,15,C
1006,25,A
1007,42,C
1008,98,A
1009,55,C
1010,27,B
1011,16,C
1012,39,C
1013,18,C
1014,37,A
1015,9,B
1016,52,A
1017,49,B
1018,61,B
1019,95,A
1020,20,A
1021,33,C
1022,38,A
1023,30,C
1024,56,C
1025,27,B
1026,72,A
1027,81,A
1028,75,B
1029,36,C
1030,29,C
1031,88,B
1032,11,B
1033,24,C
1034,25,B
1035,44,A
1036,8,C
1037,22,B
1038,39,A
1039,9,C
1040,94,B
1041,72,A
1042,75,B
1043,13,B
1044,98,A
1045,15,B
1046,6,C
1047,29,B
1048,10,A
1049,19,A
1050,55,B
1051,83,B
1052,61,A
1053,72,C
1054,18,B
1055,98,A
1056,11,C
1057,22,C
1058,5,C
1059,6,C
1060,8,A
1061,20,B
1062,10,C
1063,4,B
1064,27,C
1065,57,C
1066,97,A
1067,57,A
1068,37,C
1069,44,B
1070,13,C
1071,79,A
1072,12,A
1073,92,C
1074,40,A
1075,1,A
1076,45,C
1077,61,C
1078,90,A
1079,83,C
1080,22,C
1081,4,C
1082,53,C
1083,59,B
1084,16,A
1085,0,A
1086,80,C
1087,78,A
1088,45,A
1089,33,B
1090,67,C
1091,44,A
1092,83,B
1093,2,A
1094,64,C
1095,79,A
1096,66,A
1097,19,B
1098,78,A
1099,85,B
1100,1,C
1101,22,A
1102,87,A
1103,93,B
1104,87,A
1105,54,B
1106,79,C
1107,10,B
1108,15,B
1109,73,C
1110,78,C
1111,76,C
1112,27,C
1113,55,C
1114,41,C
1115,25,B
1116,84,C
1117,31,C
1118,22,C
1119,59,C
1120,95,B
1121,76,C
1122,90,C
1123,17,B
1124,1,C
1125,27,C
1126,8,A
1127,74,C
1128,30,A
1129,89,A
1130,10,A
1131,93,A
1132,5,A
1133,90,A
1134,59,C
1135,97,A
1136,14,C
1137,56,B
1138,0,C
1139,81,C
1140,54,A
1141,62,B
1142,90,B
1143,51,B
1144,10,A
1145,51,B
1146,15,C
1147,41,C
1148,44,C
1149,38,C
1150,30,C
1151,84,A
1152,26,B
1153,3,B
1154,6,B
1155,21,A
1156,40,C
1157,30,B
1158,57,A
1159,32,C
1160,40,C
1161,28,C
1162,72,A
1163,83,A
1164,98,B
1165,6,C
1166,10,C
1167,19,B
1168,7,A
1169,76,A
1170,72,C
1171,10,B
1172,96,B
1173,99,C
1174,70,B
1175,34,B
1176,62,C
1177,27,B
1178,50,C
1179,22,B
1180,61,A
1181,70,C
1182,65,B
1183,28,A
1184,57,A
1185,57,C
1186,21,B
1187,44,C
1188,92,A
1189,37,B
1190,34,C
1191,66,A
1192,87,A
1193,26,C
1194,92,A
1195,83,B
1196,40,A
1197,24,B
1198,8,C
1199,92,B
1200,24,A
1201,23,B
1202,31,B
1203,68,B
1204,77,C
1205,3,B
1206,94,B
1207,38,C
1208,39,C
1209,97,C
1210,75,C
1211,4,C
1212,90,A
1213,6,B
1214,8,B
1215,15,C
1216,80,A
1217,42,C
1218,54,A
1219,78,C
1220,93,A
1221,20,B
1222,31,A
1223,60,A
1224,21,A
1225,53,B
1226,55,B
1227,92,B
1228,45,C
1229,20,B
1230,12,A
1231,90,A
1232,90,C
1233,55,C
1234,22,A
1235,82,A
1236,75,A
1237,87,B
1238,32,B
1239,95,C
1240,8,C
1241,56,A
1242,13,C
1243,56,B
1244,81,C
1245,75,A
1246,3,C
1247,64,B
1248,52,B
1249,59,B
1250,45,B
1251,32,A
1252,56,C
1253,38,C
1254,88,A
1255,66,C
1256,19,C
1257,54,A
1258,17,A
1259,79,C
1260,33,B
1261,34,A
1262,57,C
1263,73,A
1264,32,B
1265,62,C
1266,59,B
1267,32,C
1268,68,C
1269,37,C
1270,52,C
1271,78,C
1272,8,B
1273,25,B
1274,66,C
1275,68,C
1276,98,B
1277,65,A
1278,64,A
1279,15,C
1280,10,A
1281,16,B
1282,71,C
1283,20,C
1284,34,A
1285,80,C
1286,23,C
1287,21,B
1288,82,C
1289,20,A
1290,6,C
1291,23,B
1292,50,C
1293,13,B
1294,45,C
1295,43,B
1296,81,B
1297,69,A
1298,21,C
1299,51,C
1300,76,C
1301,87,B
1302,16,B
1303,89,A
1304,41,B
1305,2,B
1306,42,A
1307,67,B
1308,25,B
1309,7,C
1310,4,B
1311,0,C
1312,95,B
1313,14,C
1314,46,B
1315,84,B
1316,72,C
1317,93,C
1318,76,B
1319,10,A
1320,17,A
1321,99,B
1322,92,C
1323,94,A
1324,40,C
1325,64,A
1326,46,A
1327,93,C
1328,31,C
1329,42,C
1330,21,C
1331,81,B
1332,69,A
1333,65,A
1334,65,A
1335,2,A
1336,73,A
1337,68,B
1338,63,A
1339,49,A
1340,93,A
1341,13,B
1342,83,A
1343,28,C
1344,84,C
1345,77,C
1346,0,A
1347,17,B
1348,32,C
1349,82,A
1350,34,A
1351,46,C
1352,69,C
1353,31,A
1354,10,C
1355,41,C
1356,55,A
1357,20,C
1358,44,A
1359,19,A
1360,21,C
1361,37,B
1362,15,C
1363,13,B
1364,44,A
1365,53,C
1366,14,A
1367,88,B
1368,80,A
1369,70,C
1370,4,C
1371,71,C
1372,26,A
1373,90,B
1374,29,C
1375,13,A
1376,39,B
1377,1,B
1378,58,B
1379,40,B
1380,98,A
1381,99,B
1382,43,B
1383,80,B
1384,73,B
1385,34,B
1386,47,A
1387,50,A
1388,25,B
1389,85,A
1390,51,A
1391,18,A
1392,6,B
1393,69,A
1394,57,A
1395,52,A
1396,94,B
1397,88,B
1398,51,B
1399,74,A
1400,61,C
1401,5,C
1402,98,C
1403,83,A
1404,84,A
1405,10,B
1406,77,A
1407,14,C
1408,81,A
1409,76,A
1410,41,B
1411,88,B
1412,20,C
1413,80,A
1414,70,B
1415,83,A
1416,54,B
1417,59,B
1418,17,C
1419,53,C
1420,67,C
1421,60,A
1422,25,C
1423,39,B
1424,1,B
1425,27,B
1426,80,B
1427,41,C
1428,88,A
1429,76,C
1430,12,B
1431,62,C
1432,82,C
1433,7,A
1434,60,B
1435,44,C
1436,65,B
1437,46,C
1438,52,B
1439,24,A
1440,49,C
1441,11,A
1442,59,C
1443,39,B
1444,5,C
1445,23,C
1446,90,C
1447,86,A
1448,50,B
1449,13,B
1450,71,B
1451,7,A
1452,43,A
1453,13,C
1454,90,B
1455,51,C
1456,33,A
1457,38,A
1458,7,B
1459,60,A
1460,46,C
1461,95,A
1462,7,B
1463,49,B
1464,14,B
1465,38,A
1466,77,A
1467,6,A
1468,43,C
1469,56,C
1470,39,A
1471,32,A
1472,23,B
1473,8,B
1474,50,C
1475,54,A
1476,76,A
1477,59,C
1478,64,A
1479,37,B
1480,86,C
1481,11,B
1482,99,B
1483,5,B
1484,7,C
1485,70,C
1486,64,C
1487,14,C
1488,39,A
1489,16,A
1490,39,B
1491,23,B
1492,78,B
1493,14,B
1494,12,A
1495,88,C
1496,88,C
1497,62,C
1498,91,A
1499,5,A
1500,3,C
1501,66,A
1502,25,A
1503,1,B
1504,21,A
1505,95,B
1506,24,A
1507,99,A
1508,96,B
1509,94,C
1510,88,C
1511,36,A
1512,28,C
1513,62,B
1514,42,B
1515,97,A
1516,67,A
1517,16,B
1518,2,B
1519,14,C
1520,57,A
1521,64,B
1522,70,B
1523,85,B
1524,56,A
1525,86,C
1526,2,A
1527,14,B
1528,86,A
1529,98,B
1530,33,B
1531,72,A
1532,23,C
1533,33,C
1534,61,B
1535,57,B
1536,53,B
1537,73,B
1538,72,B
1539,34,C
1540,66,C
1541,89,A
1542,35,B
1543,21,B
1544,22,B
1545,78,A
1546,29,B
1547,47,A
1548,57,A
1549,38,B
1550,39,A
1551,37,A
1552,40,C
1553,43,B
1554,76,C
1555,26,A
1556,90,B
1557,65,A
1558,94,C
1559,1,B
1560,23,B
1561,40,C
1562,17,C
1563,46,B
1564,96,A
1565,16,C
1566,96,C
1567,43,A
1568,92,B
1569,81,A
1570,82,B
1571,83,B
1572,82,B
1573,17,B
1574,7,C
1575,53,B
1576,20,B
1577,72,C
1578,45,C
1579,24,A
1580,86,A
1581,89,B
1582,12,C
1583,64,C
1584,52,B
1585,60,A
1586,41,C
1587,90,B
1588,41,A
1589,84,C
1590,26,A
1591,18,B
1592,73,A
1593,0,C
1594,99,A
1595,70,B
1596,89,B
1597,88,B
1598,67,A
1599,82,A
1600,71,A
1601,65,A
1602,97,B
1603,49,A
1604,67,A
1605,90,B
1606,56,B
1607,75,A
1608,48,C
1609,38,A
1610,39,B
1611,56,C
1612,68,C
1613,67,B
1614,37,A
1615,43,B
1616,80,B
1617,97,C
1618,20,B
1619,84,C
1620,99,A
1621,49,C
1622,28,B
1623,10,A
1624,82,A
1625,89,C
1626,61,C
1627,40,A
1628,68,A
1629,14,B
1630,61,A
1631,98,C
1632,22,A
1633,26,A
1634,7,C
1635,16,C
1636,59,A
1637,5,C
1638,29,A
1639,68,C
1640,2,C
1641,58,B
1642,10,C
1643,36,C
1644,8,B
1645,44,C
1646,96,A
1647,96,B
1648,72,C
1649,72,A
1650,0,A
1651,65,C
1652,24,A
1653,43,B
1654,0,C
1655,18,C
1656,84,B
1657,80,C
1658,24,B
1659,66,A
1660,4,B
1661,98,A
1662,57,B
1663,13,B
1664,7,A
1665,71,A
1666,67,B
1667,67,A
1668,23,A
1669,78,C
1670,76,A
1671,26,C
1672,74,A
1673,93,A
1674,21,C
1675,53,C
1676,58,A
1677,7,C
1678,29,C
1679,8,B
1680,90,A
1681,16,B
1682,13,C
1683,21,A
1684,40,A
1685,76,C
1686,37,C
1687,31,A
1688,82,A
1689,47,A
1690,39,B
1691,10,B
1692,62,C
1693,70,B
1694,46,A
1695,2,A
1696,63,A
1697,96,B
1698,42,C
1699,95,C
1700,14,C
1701,53,A
1702,64,B
1703,71,A
1704,21,B
1705,34,C
1706,93,C
1707,72,B
1708,10,C
1709,35,B
1710,8,B
1711,22,C
1712,33,A
1713,86,C
1714,49,B
1715,23,A
1716,4,B
1717,63,A
1718,42,A
1719,77,A
1720,25,A
1721,47,A
1722,56,B
1723,4,A
1724,51,A
1725,28,C
1726,31,C
1727,69,A
1728,30,A
1729,61,B
1730,24,B
1731,73,B
1732,60,A
1733,29,C
1734,35,B
1735,85,C
1736,72,C
1737,53,A
1738,24,C
1739,98,B
1740,4,C
1741,31,C
1742,74,B
1743,45,B
1744,91,B
1745,89,B
1746,25,A
1747,55,A
1748,27,A
1749,95,C
1750,20,B
1751,10,A
1752,63,B
1753,82,A
1754,33,B
1755,33,B
1756,45,B
1757,85,A
1758,18,A
1759,68,A
1760,66,B
1761,16,A
1762,43,C
1763,88,B
1764,99,A
1765,96,C
1766,59,C
1767,89,B
1768,12,B
1769,95,A
1770,62,C
1771,27,B
1772,88,A
1773,98,A
1774,22,B
1775,43,B
1776,24,B
1777,51,B
1778,29,A
1779,39,A
1780,41,A
1781,26,B
1782,16,A
1783,95,C
1784,21,C
1785,4,C
1786,19,B
1787,27,B
1788,26,B
1789,55,C
1790,40,C
1791,7,C
1792,41,A
1793,58,A
1794,86,A
1795,64,C
1796,24,B
1797,17,A
1798,22,B
1799,58,B
1800,47,A
1801,29,C
1802,36,C
1803,50,C
1804,92,C
1805,58,A
1806,99,A
1807,45,B
1808,23,C
1809,71,C
1810,28,A
1811,75,C
1812,38,B
1813,8,A
1814,26,A
1815,50,B
1816,82,A
1817,44,B
1818,54,A
1819,15,C
1820,62,B
1821,87,A
1822,6,C
1823,54,B
1824,78,A
1825,25,A
1826,4,C
1827,40,B
1828,27,C
1829,97,B
1830,62,B
1831,16,C
1832,58,B
1833,77,A
1834,20,B
1835,24,C
1836,5,B
1837,88,B
1838,30,C
1839,9,C
1840,82,B
1841,91,A
1842,41,B
1843,20,C
1844,41,B
1845,4,A
1846,89,B
1847,73,B
1848,74,C
1849,42,C
1850,23,B
1851,43,C
1852,92,B
1853,52,C
1854,79,B
1855,16,B
1856,54,C
1857,74,C
1858,8,A
1859,16,C
1860,25,B
1861,70,B
1862,30,A
1863,95,A
1864,78,B
1865,15,A
1866,45,C
1867,72,C
1868,47,B
1869,33,B
1870,79,B
1871,14,C
1872,23,C
1873,66,B
1874,7,B
1875,93,C
1876,44,C
1877,78,A
1878,66,A
1879,27,A
1880,61,B
1881,74,A
1882,57,C
1883,86,A
1884,70,B
1885,23,C
1886,44,C
1887,41,B
1888,77,C
1889,83,C
1890,33,A
1891,37,C
1892,3,A
1893,27,C
1894,33,A
1895,39,C
1896,86,B
1897,77,B
1898,32,C
1899,3,C
1900,98,B
1901,9,A
1902,30,C
1903,63,C
1904,53,B
1905,66,B
1906,5,B
1907,66,B
1908,95,B
1909,23,C
1910,98,B
1911,55,A
1912,16,A
1913,42,B
1914,15,B
1915,72,A
1916,36,B
1917,97,C
1918,65,A
1919,0,B
1920,69,B
1921,23,B
1922,60,C
1923,42,B
1924,43,A
1925,16,C
1926,28,B
1927,84,C
1928,3,C
1929,68,C
1930,4,C
1931,27,C
1932,7,A
1933,86,A
1934,51,C
1935,65,A
1936,61,B
1937,72,A
1938,64,B
1939,65,C
1940,50,A
1941,70,B
1942,28,A
1943,37,A
1944,75,B
1945,76,C
1946,67,A
1947,87,A
1948,2,A
1949,81,B
1950,15,A
1951,22,C
1952,84,B
1953,89,C
1954,97,B
1955,1,A
1956,81,B
1957,85,A
1958,79,C
1959,75,C
1960,51,B
1961,41,A
1962,81,C
1963,49,A
1964,18,C
1965,32,C
1966,26,C
1967,30,C
1968,61,C
1969,87,A
1970,42,B
1971,34,A
1972,72,A
1973,88,C
1974,35,B
1975,15,A
1976,97,B
1977,51,C
1978,93,B
1979,52,B
1980,30,B
1981,56,B
1982,71,A
1983,79,C
1984,10,A
1985,55,C
1986,87,C
1987,80,B
1988,65,C
1989,98,C
1990,41,B
1991,68,B
1992,90,A
1993,1,A
1994,25,B
1995,1,B
1996,12,C
1997,79,B
1998,2,C
1999,27,B
2000,90,C
2001,29,C
2002,43,A
2003,49,C
2004,81,B
2005,15,A
2006,26,C
2007,52,A
2008,3,A
2009,33,B
2010,79,A
2011,55,C
2012,28,C
2013,29,B
2014,19,B
2015,72,B
2016,78,B
2017,98,C
2018,31,A
2019,59,C
2020,43,A
2021,34,B
2022,69,C
2023,82,B
2024,34,B
2025,92,C
2026,42,C
2027,74,C
2028,83,C
2029,66,A
2030,57,B
2031,61,A
2032,97,B
2033,77,A
2034,67,A
2035,92,B
2036,70,A
2037,93,B
2038,75,C
2039,95,A
2040,56,A
2041,8,B
2042,72,B
2043,99,A
2044,4,B
2045,21,B
2046,39,C
2047,86,C
2048,97,B
2049,89,B
2050,5,C
2051,87,A
2052,5,A
2053,33,B
2054,76,C
2055,4,C
2056,50,C
2057,4,C
2058,26,C
2059,33,A
2060,80,C
2061,88,C
2062,28,A
2063,91,B
2064,51,C
2065,33,A
2066,86,A
2067,1,A
2068,76,A
2069,53,C
2070,34,C
2071,76,C
2072,20,B
2073,82,A
2074,25,A
2075,1,C
2076,53,A
2077,28,B
2078,82,C
2079,70,B
2080,95,C
2081,88,B
2082,75,A
2083,49,B
2084,68,B
2085,29,C
2086,22,B
2087,72,A
2088,36,C
2089,48,A
2090,77,A
2091,57,B
2092,57,A
2093,32,B
2094,36,B
2095,19,C
2096,67,B
2097,27,A
2098,93,A
2099,34,A
2100,77,A
2101,18,A
2102,7,C
2103,52,B
2104,68,C
2105,10,A
2106,65,C
2107,71,A
2108,94,A
2109,22,B
2110,12,C
2111,46,B
2112,80,B
2113,72,B
2114,24,A
2115,2,C
2116,20,A
2117,71,C
2118,19,A
2119,17,B
2120,13,C
2121,45,B
2122,61,C
2123,37,C
2124,51,B
2125,80,C
2126,90,A
2127,71,A
2128,40,B
2129,38,A
2130,49,A
2131,73,A
2132,30,B
2133,83,A
2134,55,C
2135,31,C
2136,93,A
2137,93,A
2138,96,B
2139,1,C
2140,14,B
2141,25,B
2142,87,A
2143,69,A
2144,73,C
2145,25,B
2146,77,C
2147,93,A
2148,84,A
2149,98,C
2150,8,C
2151,19,A
2152,51,A
2153,55,A
2154,12,B
2155,63,A
2156,98,C
2157,16,A
2158,43,B
2159,73,A
2160,0,A
2161,24,A
2162,28,B
2163,84,A
2164,34,B
2165,89,A
2166,13,C
2167,31,C
2168,59,B
2169,59,A
2170,78,B
2171,66,A
2172,50,A
2173,92,B
2174,79,A
2175,27,A
2176,98,A
2177,46,B
2178,12,C
2179,63,B
2180,24,A
2181,5,A
2182,97,A
2183,73,C
2184,91,B
2185,89,C
2186,65,C
2187,81,C
2188,89,A
2189,43,A
2190,30,A
2191,15,B
2192,83,C
2193,61,C
2194,42,B
2195,48,B
2196,0,B
2197,80,B
2198,36,A
2199,76,A
2200,11,B
2201,39,B
2202,16,B
2203,12,B
2204,81,B
2205,21,B
2206,68,B
2207,9,B
2208,17,A
2209,74,B
2210,95,C
2211,76,B
2212,62,C
2213,36,B
2214,56,B
2215,55,C
2216,58,A
2217,17,A
2218,56,B
2219,95,C
2220,90,C
2221,51,A
2222,56,C
2223,65,B
2224,95,C
2225,80,C
2226,63,A
2227,0,B
2228,99,C
2229,97,A
2230,32,A
2231,65,A
2232,70,B
2233,88,C
2234,78,B
2235,20,B
2236,66,B
2237,34,C
2238,62,B
2239,16,A
2240,17,A
2241,65,B
2242,91,C
2243,6,C
2244,49,A
2245,5,A
2246,2,C
2247,46,B
2248,94,A
2249,86,A
2250,8,C
2251,17,B
2252,2,A
2253,12,C
2254,27,C
2255,61,A
2256,69,A
2257,27,A
2258,66,C
2259,6,B
2260,72,B
2261,80,C
2262,24,B
2263,80,B
2264,55,A
2265,60,C
2266,15,C
2267,41,A
2268,62,A
2269,61,B
2270,64,A
2271,59,B
2272,4,C
2273,21,C
2274,83,B
2275,56,C
2276,41,C
2277,65,B
2278,6,A
2279,89,B
2280,46,B
2281,99,C
2282,50,C
2283,61,C
2284,35,B
2285,74,C
2286,72,A
2287,88,A
2288,47,B
2289,35,B
2290,86,A
2291,32,B
2292,89,C
2293,48,A
2294,55,C
2295,4,A
2296,42,B
2297,9,B
2298,96,A
2299,28,A
2300,27,B
2301,81,A
2302,26,C
2303,96,C
2304,7,C
2305,29,B
2306,10,A
2307,22,B
2308,75,B
2309,99,B
2310,97,A
2311,59,A
2312,15,A
2313,86,A
2314,18,B
2315,72,B
2316,39,C
2317,42,C
2318,22,B
2319,68,A
2320,55,C
2321,80,B
2322,19,C
2323,55,C
2324,16,B
2325,99,B
2326,64,A
2327,57,A
2328,58,C
2329,49,C
2330,93,A
2331,58,B
2332,46,A
2333,42,B
2334,20,B
2335,28,B
2336,97,A
2337,48,B
2338,4,B
2339,59,A
2340,13,C
2341,78,C
2342,58,B
2343,27,C
2344,47,C
2345,3,C
2346,24,C
2347,87,C
2348,59,B
2349,11,C
2350,32,A
2351,49,C
2352,71,C
2353,45,B
2354,27,A
2355,61,A
2356,1,B
2357,36,A
2358,95,B
2359,47,A
2360,70,B
2361,3,A
2362,70,A
2363,13,C
2364,32,B
2365,45,C
2366,14,A
2367,6,A
2368,83,A
2369,44,C
2370,16,B
2371,11,A
2372,90,C
2373,31,B
2374,71,B
2375,31,C
2376,90,A
2377,26,A
2378,47,B
2379,77,A
2380,56,B
2381,2,B
2382,66,A
2383,24,C
2384,9,C
2385,32,A
2386,96,C
2387,52,B
2388,81,B
2389,8,B
2390,87,B
2391,67,B
2392,7,B
2393,61,A
2394,95,B
2395,82,B
2396,56,A
2397,34,B
2398,61,A
2399,63,A
2400,19,A
2401,53,C
2402,98,A
2403,51,B
2404,67,C
2405,27,A
2406,90,C
2407,94,A
2408,11,B
2409,77,C
2410,85,B
2411,20,C
2412,92,B
2413,31,A
2414,19,B
2415,72,B
2416,34,B
2417,6,A
2418,43,B
2419,35,C
2420,92,C
2421,57,C
2422,48,A
2423,59,B
2424,73,C
2425,61,B
2426,51,C
2427,64,C
2428,38,C
2429,10,C
2430,27,C
2431,22,B
2432,94,B
2433,75,B
2434,32,A
2435,36,C
2436,27,C
2437,62,A
2438,9,C
2439,4,C
2440,23,C
2441,88,C
2442,7,A
2443,48,A
2444,22,A
2445,21,A
2446,15,B
2447,38,C
2448,12,B
2449,42,B
2450,62,A
2451,70,A
2452,53,C
2453,30,C
2454,14,B
2455,1,A
2456,94,C
2457,92,A
2458,21,A
2459,82,B
2460,11,A
2461,60,B
2462,23,A
2463,87,B
2464,65,A
2465,74,B
2466,85,A
2467,53,B
2468,52,B
2469,41,B
2470,74,A
2471,35,C
2472,49,B
2473,6,A
2474,44,B
2475,18,B
2476,93,B
2477,63,B
2478,18,B
2479,48,C
2480,52,C
2481,44,C
2482,95,B
2483,37,B
2484,84,A
2485,77,B
2486,56,B
2487,2,A
2488,13,C
2489,35,C
2490,97,B
2491,69,C
2492,8,C
2493,37,A
2494,12,A
2495,27,B
2496,73,A
2497,41,A
2498,38,B
2499,29,A
2500,60,C
2501,33,A
2502,81,C
2503,37,A
2504,61,C
2505,40,C
2506,50,B
2507,4,B
2508,71,C
2509,10,B
2510,43,B
2511,88,C
2512,85,C
2513,93,C
2514,23,A
2515,62,A
2516,10,B
2517,23,B
2518,27,A
2519,60,C
2520,26,C
2521,32,C
2522,79,A
2523,24,B
2524,37,C
2525,5,B
2526,47,B
2527,51,B
2528,41,B
2529,80,C
2530,48,C
2531,3,A
2532,71,B
2533,62,C
2534,99,C
2535,87,A
2536,94,B
2537,49,A
2538,15,B
2539,81,A
2540,74,A
2541,81,B
2542,98,C
2543,75,A
2544,55,C
2545,11,A
2546,22,B
2547,9,C
2548,53,B
2549,27,A
2550,49,B
2551,17,A
2552,86,B
2553,41,A
2554,34,B
2555,40,B
2556,71,B
2557,58,C
2558,35,A
2559,24,A
2560,21,B
2561,52,A
2562,82,A
2563,75,B
2564,82,C
2565,16,C
2566,32,C
2567,90,C
2568,22,B
2569,52,A
2570,37,A
2571,62,A
2572,97,A
2573,86,A
2574,48,A
2575,28,B
2576,63,C
2577,57,C
2578,46,C
2579,57,C
2580,23,B
2581,68,B
2582,65,B
2583,23,C
2584,85,A
2585,49,C
2586,55,A
2587,55,B
2588,59,A
2589,83,C
2590,47,C
2591,79,B
2592,40,C
2593,3,C
2594,75,C
2595,75,B
2596,21,A
2597,32,B
2598,79,A
2599,77,A
2600,85,B
2601,16,C
2602,32,B
2603,13,B
2604,22,B
2605,60,A
2606,40,B
2607,69,B
2608,6,B
2609,71,B
2610,84,C
2611,68,A
2612,98,C
2613,67,C
2614,41,B
2615,45,A
2616,55,B
2617,40,A
2618,62,B
2619,61,B
2620,77,A
2621,65,A
2622,18,C
2623,74,A
2624,10,C
2625,98,C
2626,27,B
2627,21,C
2628,36,A
2629,73,C
2630,1,B
2631,5,A
2632,48,C
2633,26,A
2634,26,B
2635,39,C
2636,53,B
2637,76,C
2638,3,B
2639,96,C
2640,86,B
2641,34,C
2642,0,B
2643,85,B
2644,45,A
2645,66,A
2646,36,C
2647,72,A
2648,24,B
2649,16,A
2650,25,A
2651,88,B
2652,39,A
2653,6,C
2654,47,C
2655,73,B
2656,89,B
2657,85,C
2658,71,C
2659,38,C
2660,40,C
2661,72,C
2662,47,B
2663,27,C
2664,91,C
2665,67,C
2666,22,C
2667,39,A
2668,66,C
2669,0,C
2670,86,A
2671,27,B
2672,24,C
2673,43,C
2674,52,C
2675,68,A
2676,33,C
2677,26,C
2678,20,C
2679,9,B
2680,91,B
2681,63,A
2682,41,B
2683,97,C
2684,77,C
2685,11,C
2686,91,A
2687,14,B
2688,60,B
2689,61,C
2690,84,C
2691,50,A
2692,61,A
2693,94,C
2694,68,C
2695,63,A
2696,41,B
2697,37,C
2698,40,B
2699,94,A
2700,39,C
2701,51,A
2702,95,B
2703,39,C
2704,78,B
2705,5,C
2706,17,A
2707,9,C
2708,12,A
2709,65,C
2710,26,C
2711,18,B
2712,69,A
2713,86,C
2714,55,A
2715,73,A
2716,49,C
2717,81,B
2718,38,B
2719,13,B
2720,89,A
2721,59,A
2722,99,A
2723,18,B
2724,59,B
2725,91,B
2726,76,A
2727,49,A
2728,11,B
2729,15,C
2730,7,A
2731,11,A
2732,44,B
2733,7,A
2734,49,C
2735,34,C
2736,26,C
2737,57,B
2738,87,B
2739,84,C
2740,47,B
2741,51,A
2742,10,A
2743,63,A
2744,16,C
2745,39,B
2746,63,A
2747,79,B
2748,6,A
2749,92,B
2750,13,C
2751,82,A
2752,54,A
2753,30,B
2754,45,A
2755,49,A
2756,60,B
2757,15,C
2758,60,C
2759,1,C
2760,38,B
2761,55,C
2762,90,B
2763,80,A
2764,10,B
2765,68,A
2766,10,A
2767,48,B
2768,76,B
2769,95,A
2770,90,A
2771,46,C
2772,69,C
2773,2,C
2774,22,A
2775,6,B
2776,10,A
2777,68,B
2778,92,C
2779,23,B
2780,2,B
2781,4,A
2782,2,A
2783,89,A
2784,94,B
2785,81,B
2786,59,A
2787,92,A
2788,76,A
2789,14,B
2790,20,A
2791,52,C
2792,58,A
2793,66,C
2794,22,B
2795,29,B
2796,72,B
2797,78,B
2798,44,B
2799,75,A
2800,88,B
2801,63,A
2802,95,A
2803,28,B
2804,0,B
2805,21,C
2806,80,C
2807,30,C
2808,52,A
2809,74,A
2810,81,C
2811,17,C
2812,79,A
2813,87,A
2814,45,C
2815,91,A
2816,7,C
2817,58,A
2818,70,B
2819,37,B
2820,87,A
2821,69,C
2822,37,C
2823,27,B
2824,91,A
2825,4,B
2826,90,B
2827,65,B
2828,12,B
2829,3,A
2830,61,B
2831,84,B
2832,38,A
2833,86,C
2834,29,A
2835,93,A
2836,36,B
2837,96,A
2838,25,B
2839,75,C
2840,40,B
2841,54,A
2842,82,C
2843,56,A
2844,52,C
2845,76,A
2846,75,B
2847,45,A
2848,61,A
2849,80,C
2850,52,C
2851,98,B
2852,83,A
2853,86,A
2854,74,C
2855,32,A
2856,20,A
2857,97,B
2858,51,B
2859,62,A
2860,51,B
2861,56,A
2862,17,B
2863,88,C
2864,58,C
2865,56,C
2866,60,B
2867,26,B
2868,89,B
2869,91,C
2870,67,B
2871,31,B
2872,90,B
2873,9,C
2874,6,A
2875,51,B
2876,1,B
2877,24,A
2878,11,B
2879,70,A
2880,14,A
2881,21,C
2882,8,B
2883,45,B
2884,47,A
2885,91,A
2886,88,C
2887,11,B
2888,95,A
2889,53,C
2890,52,C
2891,44,A
2892,18,B
2893,47,B
2894,71,A
2895,11,B
2896,25,A
2897,23,B
2898,60,B
2899,47,C
2900,6,A
2901,21,C
2902,69,C
2903,70,C
2904,92,B
2905,37,C
2906,64,B
2907,7,B
2908,46,C
2909,10,C
2910,11,B
2911,3,A
2912,34,B
2913,84,A
2914,34,C
2915,39,C
2916,33,A
2917,30,A
2918,41,B
2919,69,C
2920,33,B
2921,33,B
2922,32,C
2923,41,A
2924,6,A
2925,56,C
2926,61,C
2927,71,C
2928,56,B
2929,43,B
2930,12,A
2931,62,B
2932,12,A
2933,91,B
2934,52,A
2935,54,C
2936,58,C
2937,37,A
2938,32,C
2939,75,C
2940,27,B
2941,31,C
2942,79,A
2943,41,B
2944,34,A
2945,4,C
2946,67,C
2947,0,C
2948,66,C
2949,33,C
2950,19,A
2951,17,C
2952,38,A
2953,3,B
2954,83,A
2955,55,C
2956,7,C
2957,34,A
2958,61,B
2959,25,B
2960,6,C
2961,49,B
2962,77,B
2963,51,A
2964,45,B
2965,10,A
2966,54,C
2967,61,B
2968,72,A
2969,33,A
2970,85,C
2971,92,C
2972,66,B
2973,64,C
2974,2,C
2975,62,A
2976,48,B
2977,54,B
2978,70,C
2979,95,C
2980,25,A
2981,86,C
2982,71,A
2983,11,B
2984,57,A
2985,53,A
2986,45,B
2987,77,A
2988,81,A
2989,52,B
2990,71,A
2991,98,A
2992,23,B
2993,81,C
2994,24,A
2995,67,B
2996,95,A
2997,35,C
2998,68,A
2999,89,B
3000,65,A
3001,72,C
3002,43,C
3003,90,C
3004,6,A
3005,0,A
3006,47,C
3007,12,B
3008,24,C
3009,30,C
3010,75,C
3011,99,A
3012,26,C
3013,0,A
3014,74,A
3015,28,A
3016,5,B
3017,65,A
3018,97,A
3019,48,C
3020,52,A
3021,68,C
3022,55,C
3023,89,B
3024,29,C
3025,64,A
3026,8,C
3027,42,C
3028,2,B
3029,11,C
3030,99,A
3031,44,B
3032,76,B
3033,71,C
3034,99,C
3035,13,C
3036,49,B
3037,63,A
3038,91,A
3039,78,B
3040,90,C
3041,46,B
3042,23,C
3043,16,B
3044,30,B
3045,63,C
3046,98,B
3047,95,A
3048,66,A
3049,36,A
3050,85,A
3051,41,A
3052,61,B
3053,31,C
3054,13,B
3055,22,B
3056,21,C
3057,54,C
3058,55,A
3059,86,C
3060,36,C
3061,37,A
3062,5,A
3063,69,C
3064,98,A
3065,10,B
3066,75,C
3067,20,A
3068,15,A
3069,37,B
3070,39,B
3071,98,B
3072,6,B
3073,24,C
3074,45,B
3075,78,B
3076,72,A
3077,31,B
3078,23,B
3079,75,A
3080,80,C
3081,25,B
3082,8,C
3083,30,A
3084,37,B
3085,99,B
3086,23,C
3087,7,C
3088,40,B
3089,70,C
3090,39,C
3091,61,B
3092,56,B
3093,95,B
3094,38,B
3095,25,C
3096,83,C
3097,9,A
3098,29,B
3099,66,C
3100,1,B
3101,44,C
3102,75,A
3103,2,A
3104,27,C
3105,16,C
3106,14,B
3107,93,B
3108,17,C
3109,88,C
3110,5,C
3111,13,C
3112,1,A
3113,85,A
3114,78,B
3115,12,B
3116,61,C
3117,53,A
3118,56,B
3119,56,A
3120,41,B
3121,57,A
3122,10,C
3123,92,C
3124,46,B
3125,26,B
3126,55,C
3127,68,A
3128,22,B
3129,62,C
3130,16,C
3131,61,B
3132,97,B
3133,10,C
3134,43,B
3135,25,B
3136,22,B
3137,6,C
3138,41,C
3139,44,C
3140,80,B
3141,46,B
3142,64,C
3143,34,C
3144,98,A
3145,61,B
3146,44,B
3147,52,C
3148,37,B
3149,14,A
3150,95,A
3151,66,A
3152,51,A
3153,68,A
3154,93,B
3155,79,C
3156,5,C
3157,65,A
3158,32,B
3159,83,C
3160,34,B
3161,17,B
3162,43,A
3163,87,A
3164,38,C
3165,39,C
3166,49,B
3167,74,A
3168,6,B
3169,28,C
3170,22,A
3171,16,B
3172,25,C
3173,69,A
3174,65,C
3175,71,A
3176,51,B
3177,65,B
3178,95,B
3179,1,C
3180,11,A
3181,62,B
3182,37,C
3183,15,A
3184,28,B
3185,69,B
3186,35,C
3187,82,B
3188,78,C
3189,5,C
3190,77,A
3191,93,B
3192,66,C
3193,80,B
3194,96,A
3195,56,A
3196,28,A
3197,35,C
3198,9,C
3199,0,B
3200,89,C
3201,79,C
3202,34,B
3203,20,A
3204,75,B
3205,28,B
3206,44,A
3207,66,A
3208,44,A
3209,52,A
3210,23,B
3211,80,B
3212,36,A
3213,11,B
3214,95,A
3215,96,B
3216,78,C
3217,69,B
3218,80,A
3219,15,C
3220,15,A
3221,50,A
3222,69,A
3223,66,B
3224,87,C
3225,16,B
3226,3,A
3227,75,B
3228,92,C
3229,17,B
3230,65,A
3231,52,B
3232,57,A
3233,0,B
3234,89,A
3235,17,C
3236,69,A
3237,17,C
3238,18,A
3239,43,A
3240,55,C
3241,29,B
3242,22,C
3243,16,A
3244,28,C
3245,48,B
3246,6,B
3247,76,C
3248,27,A
3249,33,A
3250,89,B
3251,96,C
3252,86,A
3253,93,B
3254,7,A
3255,29,B
3256,40,C
3257,18,A
3258,14,A
3259,12,B
3260,62,A
3261,30,B
3262,14,A
3263,53,A
3264,36,B
3265,75,B
3266,71,B
3267,85,C
3268,72,A
3269,91,A
3270,25,C
3271,22,B
3272,60,B
3273,35,C
3274,71,C
3275,27,B
3276,8,B
3277,44,B
3278,84,B
3279,18,C
3280,11,B
3281,95,C
3282,40,C
3283,98,B
3284,17,A
3285,36,A
3286,38,A
3287,99,A
3288,8,C
3289,5,C
3290,69,C
3291,41,B
3292,3,A
3293,38,C
3294,8,B
3295,85,B
3296,22,B
3297,94,B
3298,0,C
3299,61,C
3300,37,A
3301,23,C
3302,8,A
3303,64,A
3304,8,B
3305,7,A
3306,57,B
3307,59,A
3308,51,A
3309,20,A
3310,99,A
3311,16,A
3312,90,B
3313,39,A
3314,94,B
3315,50,B
3316,67,C
3317,96,B
3318,85,A
3319,62,C
3320,99,B
3321,91,C
3322,43,B
3323,53,B
3324,60,A
3325,78,B
3326,36,B
3327,73,A
3328,23,C
3329,2,A
3330,10,A
3331,43,B
3332,89,C
3333,0,A
3334,19,A
3335,31,C
3336,39,A
3337,19,A
3338,49,A
3339,82,B
3340,28,B
3341,41,C
3342,27,C
3343,15,C
3344,44,A
3345,14,C
3346,12,C
3347,43,C
3348,16,C
3349,55,A
3350,45,B
3351,57,C
3352,4,B
3353,87,C
3354,61,C
3355,54,C
3356,75,B
3357,18,B
3358,99,A
3359,80,A
3360,63,A
3361,27,A
3362,84,C
3363,5,A
3364,66,B
3365,24,C
3366,47,B
3367,9,B
3368,6,C
3369,41,B
3370,53,C
3371,97,B
3372,53,B
3373,7,C
3374,60,A
3375,69,A
3376,22,C
3377,17,C
3378,85,A
3379,88,C
3380,30,C
3381,10,C
3382,86,A
3383,46,B
3384,11,A
3385,86,A
3386,76,B
3387,25,C
3388,82,C
3389,33,A
3390,13,A
3391,8,C
3392,40,B
3393,95,A
3394,16,A
3395,89,C
3396,54,A
3397,14,C
3398,21,B
3399,23,A
3400,41,A
3401,37,B
3402,28,C
3403,67,A
3404,62,A
3405,98,B
3406,75,A
3407,13,B
3408,66,C
3409,80,A
3410,37,C
3411,96,A
3412,92,B
3413,19,A
3414,18,B
3415,28,A
3416,49,C
3417,1,B
3418,95,B
3419,95,C
3420,81,C
3421,82,A
3422,36,A
3423,85,B
3424,15,B
3425,38,B
3426,90,B
3427,59,B
3428,66,B
3429,31,C
3430,76,A
3431,86,C
3432,53,A
3433,16,C
3434,3,C
3435,64,B
3436,96,C
3437,8,B
3438,85,A
3439,99,A
3440,58,A
3441,55,A
3442,93,C
3443,84,C
3444,11,A
3445,70,B
3446,18,B
3447,12,B
3448,86,A
3449,68,B
3450,98,C
3451,49,C
3452,54,C
3453,83,A
3454,57,A
3455,41,A
3456,79,B
3457,5,C
3458,13,B
3459,31,C
3460,2,B
3461,73,B
3462,25,B
3463,76,B
3464,5,C
3465,28,C
3466,93,A
3467,49,B
3468,83,C
3469,78,A
3470,24,A
3471,23,B
3472,27,A
3473,3,A
3474,35,B
3475,45,C
3476,19,C
3477,63,A
3478,82,B
3479,69,A
3480,88,C
3481,91,A
3482,55,B
3483,55,C
3484,59,A
3485,38,B
3486,69,B
3487,52,A
3488,79,B
3489,45,A
3490,94,C
3491,93,B
3492,83,C
3493,71,C
3494,77,B
3495,85,A
3496,47,C
3497,27,A
3498,14,A
3499,61,A
3500,79,B
3501,17,C
3502,39,B
3503,61,B
3504,59,A
3505,64,B
3506,14,C
3507,16,C
3508,81,A
3509,58,A
3510,69,B
3511,72,A
3512,91,B
3513,82,B
3514,77,B
3515,76,A
3516,31,B
3517,61,C
3518,8,B
3519,28,B
3520,7,A
3521,94,B
3522,7,B
3523,24,B
3524,22,B
3525,91,C
3526,90,B
3527,48,A
3528,63,B
3529,78,B
3530,7,B
3531,84,C
3532,54,C
3533,32,C
3534,96,B
3535,92,A
3536,78,C
3537,42,B
3538,36,B
3539,12,A
3540,22,B
3541,45,A
3542,26,B
3543,16,C
3544,62,C
3545,69,C
3546,66,A
3547,41,A
3548,26,A
3549,31,C
3550,72,C
3551,91,A
3552,77,A
3553,93,A
3554,35,A
3555,24,B
3556,75,C
3557,37,B
3558,48,C
3559,76,C
3560,44,B
3561,45,A
3562,42,B
3563,87,B
3564,31,A
3565,20,A
3566,51,C
3567,86,C
3568,57,A
3569,8,A
3570,34,B
3571,29,A
3572,61,C
3573,13,A
3574,69,C
3575,78,B
3576,32,B
3577,59,B
3578,59,B
3579,20,A
3580,6,A
3581,81,A
3582,89,C
3583,17,B
3584,31,C
3585,59,C
3586,6,A
3587,51,A
3588,87,B
3589,86,C
3590,8,C
3591,90,C
3592,40,C
3593,4,A
3594,44,B
3595,3,A
3596,30,A
3597,46,A
3598,34,C
3599,53,C
3600,57,B
3601,16,B
3602,95,C
3603,47,C
3604,73,C
3605,58,A
3606,46,A
3607,38,C
3608,39,A
3609,20,B
3610,20,C
3611,83,A
3612,51,B
3613,18,C
3614,64,B
3615,27,B
3616,61,B
3617,63,B
3618,49,B
3619,72,C
3620,98,C
3621,80,A
3622,80,C
3623,50,B
3624,70,A
3625,48,A
3626,48,A
3627,35,C
3628,80,C
3629,70,C
3630,80,B
3631,28,A
3632,17,A
3633,56,B
3634,17,C
3635,35,A
3636,21,C
3637,75,C
3638,80,C
3639,19,C
3640,91,B
3641,29,A
3642,64,C
3643,32,B
3644,68,A
3645,92,C
3646,10,A
3647,3,B
3648,80,C
3649,74,B
3650,97,B
3651,28,B
3652,57,B
3653,21,A
3654,58,C
3655,6,C
3656,79,A
3657,86,A
3658,33,A
3659,3,B
3660,70,B
3661,28,B
3662,89,A
3663,93,B
3664,52,B
3665,34,C
3666,6,C
3667,44,A
3668,52,B
3669,35,A
3670,98,A
3671,67,A
3672,47,B
3673,62,C
3674,20,A
3675,7,B
3676,33,B
3677,99,A
3678,11,A
3679,13,B
3680,41,A
3681,63,B
3682,5,C
3683,80,B
3684,84,B
3685,7,B
3686,67,C
3687,82,A
3688,88,B
3689,37,C
3690,57,B
3691,18,B
3692,85,A
3693,84,A
3694,71,A
3695,8,C
3696,14,A
3697,59,C
3698,17,A
3699,95,A
3700,72,B
3701,89,A
3702,82,B
3703,86,B
3704,15,B
3705,65,B
3706,24,B
3707,60,B
3708,73,C
3709,43,A
3710,92,B
3711,61,C
3712,82,C
3713,14,A
3714,57,B
3715,91,C
3716,27,A
3717,8,B
3718,53,C
3719,75,C
3720,46,A
3721,41,C
3722,25,B
3723,7,C
3724,66,A
3725,74,B
3726,85,B
3727,17,C
3728,87,B
3729,75,C
3730,15,C
3731,73,C
3732,24,A
3733,91,B
3734,78,A
3735,86,B
3736,82,A
3737,89,C
3738,32,A
3739,89,B
3740,53,A
3741,68,B
3742,9,C
3743,41,A
3744,96,B
3745,8,A
3746,31,A
3747,50,A
3748,45,B
3749,6,B
3750,77,B
3751,51,A
3752,29,C
3753,71,C
3754,15,A
3755,23,A
3756,63,A
3757,94,C
3758,31,A
3759,62,B
3760,88,A
3761,16,B
3762,97,C
3763,13,C
3764,89,C
3765,31,A
3766,46,C
3767,76,A
3768,63,B
3769,18,B
3770,61,C
3771,54,C
3772,4,B
3773,16,B
3774,22,C
3775,56,A
3776,77,A
3777,61,B
3778,93,C
3779,28,C
3780,11,B
3781,14,C
3782,76,B
3783,55,B
3784,92,B
3785,55,C
3786,28,A
3787,10,B
3788,55,C
3789,14,A
3790,88,C
3791,76,A
3792,34,A
3793,61,A
3794,6,A
3795,13,B
3796,94,B
3797,18,C
3798,46,C
3799,86,A
3800,57,B
3801,36,C
3802,11,A
3803,5,A
3804,19,A
3805,80,A
3806,13,A
3807,55,B
3808,74,A
3809,5,B
3810,59,C
3811,58,C
3812,70,B
3813,63,B
3814,74,C
3815,78,B
3816,26,C
3817,26,C
3818,12,C
3819,41,B
3820,91,C
3821,25,B
3822,43,A
3823,90,B
3824,82,C
3825,97,B
3826,67,C
3827,20,A
3828,55,C
3829,85,B
3830,55,B
3831,43,A
3832,71,C
3833,20,C
3834,38,B
3835,12,B
3836,65,A
3837,15,B
3838,92,C
3839,25,A
3840,12,A
3841,60,A
3842,57,C
3843,45,C
3844,70,C
3845,91,C
3846,5,B
3847,20,B
3848,62,C
3849,88,A
3850,26,B
3851,28,A
3852,10,C
3853,45,B
3854,79,A
3855,72,C
3856,44,A
3857,92,C
3858,29,C
3859,39,A
3860,40,A
3861,38,A
3862,38,C
3863,29,C
3864,20,C
3865,55,A
3866,66,B
3867,56,A
3868,35,C
3869,0,B
3870,21,C
3871,64,B
3872,71,C
3873,30,C
3874,13,C
3875,72,A
3876,44,A
3877,31,C
3878,80,B
3879,84,B
3880,81,A
3881,13,C
3882,40,A
3883,25,A
3884,27,B
3885,84,B
3886,56,C
3887,92,B
3888,58,B
3889,21,C
3890,94,B
3891,19,C
3892,18,C
3893,22,A
3894,26,A
3895,81,A
3896,71,C
3897,15,B
3898,8,B
3899,43,C
3900,35,A
3901,8,A
3902,70,B
3903,67,A
3904,69,A
3905,50,B
3906,99,A
3907,21,B
3908,19,B
3909,69,B
3910,89,C
3911,67,A
3912,63,A
3913,44,B
3914,76,A
3915,62,B
3916,47,B
3917,10,A
3918,97,B
3919,56,A
3920,24,B
3921,14,A
3922,72,C
3923,90,C
3924,42,A
3925,51,A
3926,52,C
3927,69,C
3928,14,B
3929,23,B
3930,93,C
3931,24,A
3932,37,C
3933,15,A
3934,97,C
3935,66,C
3936,37,A
3937,67,B
3938,35,A
3939,74,A
3940,45,A
3941,85,B
3942,20,A
3943,22,C
3944,8,C
3945,11,A
3946,6,C
3947,57,A
3948,54,A
3949,76,A
3950,5,C
3951,94,A
3952,84,A
3953,1,A
3954,58,B
3955,60,C
3956,50,B
3957,28,B
3958,44,A
3959,15,A
3960,45,C
3961,77,A
3962,62,A
3963,53,B
3964,29,A
3965,24,B
3966,84,B
3967,1,A
3968,57,B
3969,40,A
3970,33,B
3971,76,C
3972,15,A
3973,56,C
3974,97,C
3975,87,B
3976,54,B
3977,73,C
3978,38,B
3979,61,C
3980,60,B
3981,13,A
3982,99,C
3983,37,A
3984,89,B
3985,18,B
3986,20,A
3987,59,B
3988,78,C
3989,66,C
3990,5,B
3991,81,A
3992,87,B
3993,74,C
3994,54,C
3995,18,B
3996,98,A
3997,37,A
3998,1,B
3999,86,A
4000,50,C
4001,22,C
4002,11,C
4003,86,A
4004,60,C
4005,55,C
4006,65,A
4007,78,A
4008,42,C
4009,46,B
4010,61,C
4011,45,A
4012,1,C
4013,78,C
4014,79,A
4015,2,A
4016,32,A
4017,52,C
4018,22,C
4019,6,C
4020,96,A
4021,60,B
4022,14,B
4023,17,C
4024,48,C
4025,32,C
4026,41,B
4027,31,C
4028,43,C
4029,9,B
4030,58,B
4031,72,B
4032,17,B
4033,82,A
4034,11,C
4035,11,C
4036,69,A
4037,72,B
4038,88,C
4039,51,B
4040,82,B
4041,14,A
4042,20,A
4043,92,B
4044,82,C
4045,3,A
4046,76,A
4047,48,A
4048,3,A
4049,59,A
4050,7,A
4051,98,A
4052,64,C
4053,88,C
4054,41,C
4055,70,B
4056,77,B
4057,89,C
4058,11,B
4059,14,C
4060,63,A
4061,57,C
4062,86,A
4063,21,C
4064,20,C
4065,91,A
4066,13,B
4067,76,C
4068,24,A
4069,59,A
4070,59,B
4071,29,C
4072,78,C
4073,97,C
4074,70,A
4075,63,B
4076,62,A
4077,2,A
4078,55,A
4079,70,A
4080,87,B
4081,25,C
4082,87,B
4083,92,B
4084,33,C
4085,76,B
4086,51,B
4087,47,A
4088,32,A
4089,17,C
4090,40,C
4091,13,B
4092,47,B
4093,22,B
4094,21,A
4095,14,A
4096,70,C
4097,76,B
4098,82,C
4099,58,A
4100,60,A
4101,33,C
4102,12,B
4103,48,B
4104,49,C
4105,41,B
4106,18,C
4107,10,B
4108,61,A
4109,81,C
4110,94,C
4111,0,B
4112,82,C
4113,99,A
4114,21,C
4115,21,B
4116,45,C
4117,8,C
4118,3,C
4119,19,A
4120,96,B
4121,44,C
4122,35,A
4123,13,B
4124,61,A
4125,83,C
4126,37,C
4127,52,B
4128,55,B
4129,72,B
4130,16,A
4131,45,A
4132,82,C
4133,28,B
4134,69,C
4135,57,B
4136,65,C
4137,0,A
4138,93,A
4139,11,A
4140,92,A
4141,12,C
4142,36,C
4143,91,C
4144,86,A
4145,45,C
4146,28,B
4147,85,C
4148,15,C
4149,37,A
4150,26,A
4151,48,C
4152,50,C
4153,94,C
4154,15,C
4155,13,A
4156,1,A
4157,48,B
4158,60,C
4159,70,B
4160,11,A
4161,98,C
4162,18,A
4163,61,C
4164,42,C
4165,54,C
4166,20,A
4167,0,C
4168,21,A
4169,74,A
4170,29,C
4171,27,B
4172,46,C
4173,34,A
4174,61,B
4175,32,A
4176,66,C
4177,84,B
4178,89,C
4179,26,A
4180,14,A
4181,52,A
4182,35,A
4183,67,B
4184,73,A
4185,78,A
4186,65,C
4187,23,C
4188,55,B
4189,57,C
4190,23,A
4191,90,B
4192,45,A
4193,92,A
4194,57,B
4195,43,B
4196,18,C
4197,38,C
4198,95,B
4199,68,B
4200,22,C
4201,51,A
4202,58,A
4203,92,A
4204,16,C
4205,12,C
4206,52,C
4207,56,C
4208,79,B
4209,83,A
4210,22,A
4211,75,C
4212,56,B
4213,36,C
4214,49,A
4215,34,C
4216,72,B
4217,35,B
4218,29,C
4219,92,B
4220,20,C
4221,6,C
4222,66,C
4223,30,B
4224,76,B
4225,66,C
4226,26,C
4227,24,C
4228,57,C
4229,73,B
4230,75,C
4231,3,B
4232,58,B
4233,69,B
4234,79,C
4235,9,A
4236,87,A
4237,79,C
4238,97,C
4239,97,B
4240,46,C
4241,17,A
4242,0,B
4243,10,C
4244,45,C
4245,68,B
4246,19,B
4247,53,B
4248,39,C
4249,29,A
4250,28,B
4251,88,B
4252,84,A
4253,66,C
4254,85,B
4255,26,C
4256,62,A
4257,80,A
4258,93,A
4259,35,A
4260,25,C
4261,91,B
4262,44,A
4263,37,B
4264,47,B
4265,49,C
4266,86,C
4267,98,C
4268,61,B
4269,41,A
4270,28,C
4271,41,A
4272,55,C
4273,60,A
4274,61,A
4275,6,B
4276,93,B
4277,5,A
4278,26,A
4279,57,A
4280,19,B
4281,0,C
4282,25,A
4283,98,A
4284,28,A
4285,42,A
4286,54,B
4287,71,C
4288,69,B
4289,42,B
4290,90,B
4291,87,C
4292,56,A
4293,70,B
4294,75,B
4295,58,C
4296,13,B
4297,52,C
4298,19,A
4299,85,C
4300,95,C
4301,50,A
4302,3,A
4303,66,A
4304,37,C
4305,46,C
4306,90,B
4307,92,B
4308,91,C
4309,17,C
4310,56,A
4311,0,C
4312,67,C
4313,4,A
4314,1,C
4315,44,C
4316,76,A
4317,35,C
4318,50,B
4319,28,B
4320,7,C
4321,14,B
4322,67,C
4323,85,A
4324,96,C
4325,96,A
4326,9,A
4327,62,C
4328,58,C
4329,6,C
4330,82,B
4331,93,B
4332,39,B
4333,44,C
4334,93,C
4335,87,A
4336,33,B
4337,40,B
4338,83,A
4339,6,B
4340,58,C
4341,67,A
4342,69,B
4343,20,C
4344,1,B
4345,7,B
4346,17,A
4347,67,C
4348,80,B
4349,16,A
4350,43,B
4351,85,A
4352,0,C
4353,94,B
4354,51,A
4355,84,A
4356,13,A
4357,11,B
4358,95,C
4359,64,A
4360,6,A
4361,35,B
4362,88,C
4363,38,B
4364,95,C
4365,7,B
4366,42,B
4367,90,A
4368,53,B
4369,92,A
4370,7,A
4371,64,B
4372,18,A
4373,87,C
4374,15,A
4375,87,A
4376,90,C
4377,37,B
4378,22,B
4379,50,C
4380,38,A
4381,3,A
4382,3,C
4383,98,B
4384,39,C
4385,35,B
4386,64,C
4387,91,A
4388,63,B
4389,83,C
4390,89,A
4391,16,B
4392,16,A
4393,12,A
4394,32,B
4395,87,B
4396,48,C
4397,30,A
4398,33,B
4399,5,C
4400,13,B
4401,47,B
4402,85,C
4403,58,C
4404,52,B
4405,55,B
4406,74,B
4407,17,B
4408,78,C
4409,21,A
4410,38,A
4411,18,B
4412,5,C
4413,15,B
4414,19,B
4415,10,C
4416,7,C
4417,47,B
4418,26,A
4419,71,B
4420,35,A
4421,47,A
4422,84,A
4423,70,A
4424,88,A
4425,36,B
4426,73,C
4427,50,C
4428,87,A
4429,59,A
4430,94,A
4431,31,C
4432,23,A
4433,38,C
4434,41,A
4435,76,A
4436,10,B
4437,43,A
4438,85,C
4439,12,C
4440,92,A
4441,24,C
4442,61,A
4443,89,B
4444,67,A
4445,72,A
4446,57,C
4447,24,A
4448,25,B
4449,55,C
4450,49,B
4451,79,B
4452,99,C
4453,57,B
4454,91,B
4455,46,C
4456,38,C
4457,27,A
4458,70,C
4459,55,A
4460,52,C
4461,88,C
4462,81,B
4463,27,C
4464,5,C
4465,81,B
4466,94,A
4467,39,B
4468,50,B
4469,23,C
4470,59,C
4471,91,C
4472,28,B
4473,26,C
4474,6,C
4475,53,B
4476,79,C
4477,56,C
4478,50,B
4479,22,C
4480,41,C
4481,74,A
4482,59,A
4483,64,A
4484,3,C
4485,88,C
4486,48,A
4487,9,A
4488,51,A
4489,14,B
4490,96,C
4491,92,C
4492,37,A
4493,78,A
4494,62,A
4495,56,A
4496,78,A
4497,9,A
4498,43,C
4499,17,C
4500,63,A
4501,66,A
4502,90,B
4503,85,B
4504,86,A
4505,85,C
4506,98,C
4507,27,B
4508,61,B
4509,68,C
4510,60,C
4511,92,A
4512,42,A
4513,59,A
4514,4,C
4515,91,C
4516,65,C
4517,82,C
4518,67,A
4519,96,A
4520,63,C
4521,25,C
4522,24,C
4523,90,A
4524,50,C
4525,77,B
4526,80,C
4527,81,A
4528,42,C
4529,86,A
4530,47,C
4531,34,C
4532,72,B
4533,8,C
4534,39,A
4535,7,C
4536,27,C
4537,72,B
4538,60,C
4539,47,B
4540,62,B
4541,15,B
4542,76,C
4543,46,A
4544,53,C
4545,51,B
4546,11,A
4547,76,C
4548,86,C
4549,69,C
4550,78,B
4551,70,B
4552,39,A
4553,79,C
4554,29,A
4555,62,C
4556,47,C
4557,38,A
4558,80,C
4559,33,C
4560,23,C
4561,68,C
4562,78,B
4563,34,B
4564,96,B
4565,5,B
4566,16,B
4567,53,B
4568,98,C
4569,5,C
4570,55,A
4571,42,A
4572,98,A
4573,20,A
4574,16,B
4575,5,C
4576,60,C
4577,8,B
4578,87,A
4579,20,B
4580,29,C
4581,68,B
4582,17,B
4583,36,B
4584,18,C
4585,59,C
4586,53,A
4587,71,C
4588,44,A
4589,1,A
4590,53,A
4591,68,C
4592,22,C
4593,3,C
4594,4,C
4595,96,C
4596,89,A
4597,56,A
4598,17,B
4599,24,B
4600,82,C
4601,38,A
4602,14,B
4603,57,A
4604,92,C
4605,59,A
4606,56,B
4607,62,A
4608,82,B
4609,94,B
4610,29,B
4611,8,B
4612,13,C
4613,51,B
4614,52,B
4615,63,B
4616,71,A
4617,78,C
4618,53,C
4619,27,A
4620,21,A
4621,15,C
4622,25,B
4623,63,B
4624,82,B
4625,99,B
4626,37,C
4627,6,A
4628,61,A
4629,56,B
4630,86,C
4631,78,C
4632,34,C
4633,35,B
4634,4,C
4635,72,B
4636,86,A
4637,74,A
4638,69,C
4639,65,C
4640,52,A
4641,57,B
4642,60,C
4643,88,C
4644,97,B
4645,69,B
4646,57,C
4647,32,C
4648,68,C
4649,10,A
4650,1,A
4651,47,C
4652,91,C
4653,61,C
4654,28,C
4655,11,A
4656,98,B
4657,95,A
4658,14,A
4659,12,C
4660,50,C
4661,98,C
4662,3,C
4663,84,B
4664,96,B
4665,26,B
4666,14,C
4667,59,A
4668,64,B
4669,92,A
4670,82,B
4671,52,A
4672,58,B
4673,49,C
4674,18,C
4675,19,C
4676,23,C
4677,5,B
4678,7,C
4679,23,B
4680,20,A
4681,7,A
4682,27,C
4683,7,C
4684,24,C
4685,64,A
4686,34,B
4687,74,B
4688,81,A
4689,10,C
4690,76,A
4691,77,C
4692,50,B
4693,13,A
4694,48,B
4695,36,A
4696,93,B
4697,86,B
4698,52,B
4699,6,C
4700,49,A
4701,21,A
4702,21,C
4703,47,B
4704,10,A
4705,68,A
4706,0,C
4707,97,C
4708,25,B
4709,41,B
4710,59,A
4711,72,C
4712,26,A
4713,81,B
4714,93,B
4715,14,A
4716,47,A
4717,45,B
4718,93,C
4719,66,C
4720,75,B
4721,47,A
4722,15,B
4723,27,C
4724,36,C
4725,7,A
4726,7,A
4727,35,B
4728,95,A
4729,39,B
4730,96,C
4731,17,B
4732,89,B
4733,36,A
4734,29,A
4735,91,B
4736,7,C
4737,61,A
4738,77,B
4739,94,C
4740,99,B
4741,46,C
4742,99,B
4743,85,B
4744,98,C
4745,36,A
4746,14,A
4747,70,B
4748,32,A
4749,16,B
4750,58,C
4751,76,B
4752,54,B
4753,89,B
4754,95,A
4755,15,A
4756,71,C
4757,3,C
4758,94,B
4759,92,B
4760,18,B
4761,59,C
4762,64,B
4763,66,A
4764,91,A
4765,96,A
4766,0,A
4767,29,B
4768,78,C
4769,5,A
4770,30,C
4771,42,A
4772,41,A
4773,11,B
4774,15,C
4775,79,B
4776,49,B
4777,27,C
4778,58,B
4779,58,A
4780,58,A
4781,49,C
4782,81,B
4783,7,A
4784,25,A
4785,81,A
4786,9,C
4787,83,C
4788,47,A
4789,40,A
4790,47,A
4791,44,B
4792,17,A
4793,84,C
4794,19,A
4795,49,C
4796,66,A
4797,58,A
4798,1,B
4799,1,A
4800,92,C
4801,73,C
4802,28,B
4803,62,A
4804,60,A
4805,6,B
4806,38,C
4807,2,B
4808,4,A
4809,14,B
4810,82,B
4811,85,B
4812,46,C
4813,10,A
4814,2,B
4815,60,C
4816,10,B
4817,15,A
4818,67,B
4819,37,B
4820,84,A
4821,39,B
4822,59,C
4823,61,A
4824,58,B
4825,27,A
4826,66,B
4827,96,A
4828,78,C
4829,0,B
4830,60,B
4831,96,A
4832,67,A
4833,92,A
4834,68,A
4835,5,B
4836,79,C
4837,69,B
4838,33,C
4839,7,B
4840,47,A
4841,5,A
4842,0,B
4843,47,B
4844,20,A
4845,19,A
4846,21,C
4847,6,B
4848,67,B
4849,72,B
4850,22,B
4851,76,A
4852,66,A
4853,91,B
4854,37,A
4855,44,A
4856,54,A
4857,94,B
4858,59,A
4859,61,B
4860,68,A
4861,28,A
4862,67,C
4863,78,C
4864,35,C
4865,15,B
4866,96,A
4867,31,C
4868,78,B
4869,22,C
4870,16,A
4871,63,A
4872,50,B
4873,65,B
4874,36,A
4875,33,A
4876,54,B
4877,20,B
4878,48,A
4879,31,B
4880,19,B
4881,42,B
4882,90,A
4883,97,C
4884,7,A
4885,35,A
4886,68,B
4887,79,B
4888,44,A
4889,7,A
4890,26,A
4891,35,C
4892,73,A
4893,70,A
4894,88,B
4895,88,C
4896,27,A
4897,16,C
4898,93,A
4899,63,C
4900,45,B
4901,81,C
4902,11,A
4903,26,B
4904,90,A
4905,73,C
4906,59,C
4907,24,C
4908,3,C
4909,52,A
4910,17,B
4911,11,A
4912,4,A
4913,34,A
4914,2,C
4915,33,A
4916,77,B
4917,86,A
4918,87,A
4919,66,A
4920,4,B
4921,25,A
4922,56,A
4923,23,A
4924,30,B
4925,42,B
4926,25,A
4927,55,C
4928,68,A
4929,2,C
4930,75,B
4931,52,B
4932,54,C
4933,12,A
4934,28,B
4935,3,B
4936,57,C
4937,62,C
4938,1,B
4939,81,C
4940,70,A
4941,72,A
4942,43,B
4943,99,A
4944,13,B
4945,19,B
4946,37,B
4947,53,A
4948,97,B
4949,46,C
4950,12,B
4951,73,C
4952,15,B
4953,35,A
4954,92,B
4955,84,C
4956,3,B
4957,10,C
4958,18,B
4959,68,B
4960,75,B
4961,90,B
4962,35,A
4963,57,C
4964,26,C
4965,24,C
4966,57,C
4967,41,B
4968,78,A
4969,56,B
4970,91,A
4971,36,C
4972,26,C
4973,43,A
4974,26,B
4975,25,B
4976,85,A
4977,2,C
4978,41,A
4979,51,B
4980,63,B
4981,49,B
4982,62,A
4983,34,B
4984,25,A
4985,79,C
4986,17,B
4987,32,C
4988,25,A
4989,45,A
4990,8,C
4991,20,A
4992,39,B
4993,85,B
4994,16,A
4995,43,C
4996,80,A
4997,38,A
4998,7,A
4999,18,C
5000,39,C
5001,34,A
5002,2,B
5003,47,B
5004,22,A
5005,18,B
5006,71,B
5007,19,B
5008,31,C
5009,19,C
5010,27,C
5011,85,A
5012,11,A
5013,13,C
5014,93,B
5015,0,C
5016,30,C
5017,10,B
5018,93,B
5019,41,C
5020,65,A
5021,71,A
5022,78,B
5023,7,B
5024,85,A
5025,83,A
5026,80,B
5027,24,A
5028,24,B
5029,36,B
5030,46,A
5031,95,A
5032,34,B
5033,33,C
5034,22,A
5035,20,A
5036,74,C
5037,46,B
5038,83,B
5039,99,B
5040,93,C
5041,25,B
5042,75,C
5043,8,C
5044,37,C
5045,26,A
5046,48,B
5047,44,B
5048,29,B
5049,56,A
5050,14,C
5051,21,C
5052,29,C
5053,0,B
5054,43,C
5055,88,A
5056,39,A
5057,92,C
5058,55,B
5059,64,C
5060,52,A
5061,53,C
5062,79,B
5063,98,A
5064,74,B
5065,63,B
5066,92,B
5067,31,A
5068,79,B
5069,58,A
5070,58,A
5071,98,A
5072,69,A
5073,38,A
5074,28,A
5075,1,B
5076,15,B
5077,92,C
5078,83,A
5079,40,A
5080,95,B
5081,56,B
5082,9,B
5083,90,B
5084,5,C
5085,78,C
5086,87,C
5087,28,A
5088,21,C
5089,29,C
5090,88,C
5091,30,B
5092,30,C
5093,15,A
5094,76,A
5095,10,A
5096,81,C
5097,36,B
5098,80,B
5099,56,B
5100,39,A
5101,68,A
5102,73,B
5103,76,C
5104,17,C
5105,50,C
5106,67,B
5107,66,B
5108,23,C
5109,71,B
5110,43,B
5111,76,C
5112,18,A
5113,55,B
5114,18,C
5115,42,A
5116,94,C
5117,98,A
5118,3,B
5119,65,B
5120,43,B
5121,97,B
5122,53,B
5123,9,C
5124,23,A
5125,89,A
5126,33,A
5127,96,A
5128,85,A
5129,78,C
5130,81,A
5131,34,C
5132,56,A
5133,97,C
5134,15,C
5135,36,A
5136,33,B
5137,84,A
5138,32,C
5139,21,B
5140,55,A
5141,19,B
5142,89,B
5143,94,A
5144,37,C
5145,32,C
5146,86,B
5147,48,B
5148,78,B
5149,95,C
5150,5,B
5151,52,C
5152,4,B
5153,42,B
5154,35,C
5155,76,B
5156,70,C
5157,42,B
5158,30,A
5159,87,B
5160,38,A
5161,52,C
5162,45,C
5163,78,A
5164,32,B
5165,20,A
5166,2,C
5167,32,B
5168,53,B
5169,69,C
5170,92,A
5171,47,C
5172,78,B
5173,69,C
5174,87,B
5175,12,A
5176,53,A
5177,81,A
5178,25,B
5179,29,B
5180,81,A
5181,28,C
5182,61,C
5183,91,B
5184,16,B
5185,78,C
5186,78,C
5187,23,B
5188,19,C
5189,69,A
5190,26,B
5191,6,C
5192,4,B
5193,57,A
5194,20,A
5195,9,C
5196,12,C
5197,99,C
5198,45,B
5199,72,A
5200,81,A
5201,71,B
5202,78,B
5203,29,C
5204,0,A
5205,68,B
5206,96,C
5207,90,C
5208,41,B
5209,55,B
5210,77,B
5211,27,C
5212,55,C
5213,44,A
5214,73,A
5215,15,A
5216,37,C
5217,7,C
5218,37,A
5219,39,C
5220,47,A
5221,85,C
5222,21,A
5223,93,B
5224,12,B
5225,12,C
5226,60,A
5227,38,A
5228,54,C
5229,87,A
5230,32,B
5231,48,C
5232,99,A
5233,79,C
5234,22,B
5235,80,A
5236,48,C
5237,48,B
5238,71,A
5239,45,B
5240,10,B
5241,64,C
5242,12,A
5243,45,B
5244,53,C
5245,45,C
5246,24,A
5247,59,B
5248,42,A
5249,83,B
5250,70,B
5251,32,A
5252,15,C
5253,93,B
5254,6,A
5255,51,B
5256,54,C
5257,24,C
5258,68,B
5259,29,B
5260,37,A
5261,86,C
5262,74,C
5263,3,C
5264,70,C
5265,35,C
5266,87,A
5267,27,A
5268,65,C
5269,9,A
5270,34,C
5271,99,C
5272,61,B
5273,33,C
5274,51,C
5275,16,C
5276,98,B
5277,68,B
5278,55,A
5279,74,B
5280,76,C
5281,72,C
5282,53,B
5283,59,A
5284,87,C
5285,78,A
5286,45,A
5287,0,C
5288,36,C
5289,30,B
5290,44,A
5291,99,A
5292,16,A
5293,18,B
5294,60,A
5295,64,B
5296,84,A
5297,83,B
5298,89,A
5299,85,C
5300,47,C
5301,30,B
5302,96,B
5303,2,A
5304,24,B
5305,14,C
5306,86,A
5307,41,B
5308,99,B
5309,32,C
5310,23,A
5311,75,C
5312,27,B
5313,55,C
5314,77,C
5315,11,A
5316,28,A
5317,15,C
5318,89,B
5319,17,A
5320,97,C
5321,89,C
5322,50,C
5323,23,B
5324,69,A
5325,77,B
5326,72,A
5327,27,A
5328,33,C
5329,95,B
5330,98,A
5331,15,C
5332,19,B
5333,9,A
5334,59,B
5335,59,A
5336,21,B
5337,75,C
5338,61,B
5339,65,B
5340,49,B
5341,33,C
5342,89,A
5343,14,B
5344,36,B
5345,35,A
5346,22,A
5347,70,B
5348,61,C
5349,40,A
5350,6,C
5351,63,B
5352,40,A
5353,38,C
5354,59,B
5355,88,B
5356,8,A
5357,22,B
5358,20,B
5359,9,C
5360,2,C
5361,17,C
5362,45,B
5363,64,A
5364,61,A
5365,77,C
5366,15,C
5367,70,A
5368,60,C
5369,68,B
5370,27,C
5371,89,B
5372,35,C
5373,74,C
5374,80,A
5375,30,C
5376,59,C
5377,35,C
5378,65,C
5379,19,A
5380,77,A
5381,46,C
5382,37,B
5383,76,A
5384,84,A
5385,53,B
5386,77,A
5387,85,B
5388,17,A
5389,15,C
5390,71,C
5391,57,B
5392,72,C
5393,38,A
5394,52,C
5395,85,A
5396,55,C
5397,32,C
5398,52,B
5399,25,C
5400,8,B
5401,24,C
5402,92,A
5403,25,A
5404,28,A
5405,61,C
5406,9,A
5407,11,C
5408,92,C
5409,59,C
5410,2,A
5411,83,C
5412,88,B
5413,39,B
5414,67,B
5415,58,A
5416,44,B
5417,65,A
5418,40,B
5419,13,C
5420,18,B
5421,38,A
5422,20,C
5423,18,C
5424,66,C
5425,98,A
5426,7,B
5427,61,C
5428,93,A
5429,64,A
5430,64,B
5431,62,B
5432,29,C
5433,30,A
5434,42,A
5435,73,C
5436,16,C
5437,73,C
5438,90,B
5439,61,C
5440,41,A
5441,11,A
5442,56,C
5443,21,A
5444,47,C
5445,29,C
5446,18,C
5447,56,B
5448,41,B
5449,18,C
5450,63,A
5451,91,A
5452,98,A
5453,11,A
5454,42,C
5455,49,A
5456,28,B
5457,25,A
5458,8,A
5459,24,B
5460,63,A
5461,17,A
5462,11,A
5463,48,A
5464,22,C
5465,61,A
5466,38,B
5467,70,B
5468,18,C
5469,56,B
5470,85,C
5471,62,C
5472,98,A
5473,90,A
5474,60,C
5475,43,C
5476,58,B
5477,19,C
5478,4,C
5479,62,A
5480,36,B
5481,47,B
5482,10,A
5483,59,C
5484,15,B
5485,95,C
5486,14,A
5487,78,C
5488,40,A
5489,71,B
5490,59,B
5491,61,B
5492,31,A
5493,28,A
5494,50,B
5495,53,C
5496,35,A
5497,93,B
5498,91,C
5499,31,A
5500,21,C
5501,44,C
5502,0,C
5503,11,B
5504,10,C
5505,32,A
5506,55,A
5507,45,A
5508,53,C
5509,88,A
5510,9,C
5511,80,C
5512,71,A
5513,24,B
5514,13,A
5515,64,A
5516,49,C
5517,38,A
5518,66,A
5519,62,C
5520,13,B
5521,96,C
5522,70,B
5523,80,B
5524,11,A
5525,60,A
5526,90,C
5527,87,A
5528,6,A
5529,29,A
5530,35,C
5531,95,A
5532,27,A
5533,68,A
5534,25,B
5535,70,C
5536,21,A
5537,85,C
5538,13,A
5539,57,A
5540,93,C
5541,75,C
5542,64,B
5543,22,C
5544,36,B
5545,41,B
5546,93,A
5547,42,B
5548,77,C
5549,87,C
5550,52,A
5551,11,B
5552,41,B
5553,50,A
5554,61,B
5555,57,C
5556,10,A
5557,94,B
5558,50,B
5559,61,C
5560,63,B
5561,93,A
5562,76,B
5563,94,C
5564,22,B
5565,14,C
5566,4,C
5567,56,B
5568,81,A
5569,9,C
5570,32,B
5571,28,C
5572,94,B
5573,90,A
5574,60,C
5575,41,A
5576,3,A
5577,73,A
5578,33,C
5579,22,A
5580,40,A
5581,68,B
5582,64,B
5583,21,A
5584,74,C
5585,46,B
5586,0,A
5587,67,C
5588,74,B
5589,80,A
5590,63,A
5591,76,C
5592,98,A
5593,19,A
5594,31,C
5595,85,B
5596,26,C
5597,66,C
5598,43,C
5599,61,B
5600,70,B
5601,31,A
5602,83,C
5603,79,C
5604,45,C
5605,11,B
5606,81,A
5607,96,C
5608,50,A
5609,49,C
5610,3,A
5611,16,C
5612,27,A
5613,85,B
5614,32,A
5615,35,B
5616,21,A
5617,67,C
5618,47,C
5619,30,B
5620,94,B
5621,48,C
5622,8,B
5623,19,C
5624,7,C
5625,93,C
5626,1,A
5627,63,B
5628,99,A
5629,74,B
5630,22,A
5631,6,B
5632,61,B
5633,43,A
5634,40,A
5635,6,C
5636,0,C
5637,71,C
5638,7,B
5639,33,B
5640,65,B
5641,4,C
5642,91,A
5643,15,B
5644,56,B
5645,0,C
5646,89,B
5647,80,A
5648,19,A
5649,91,B
5650,65,B
5651,21,B
5652,53,A
5653,28,B
5654,43,C
5655,24,B
5656,67,C
5657,67,C
5658,10,C
5659,21,C
5660,88,C
5661,57,A
5662,89,A
5663,24,C
5664,79,B
5665,89,A
5666,87,B
5667,96,B
5668,36,B
5669,47,C
5670,83,A
5671,89,A
5672,47,B
5673,68,B
5674,60,C
5675,70,B
5676,7,B
5677,35,B
5678,80,C
5679,99,B
5680,10,C
5681,79,C
5682,61,B
5683,42,C
5684,63,A
5685,25,C
5686,34,B
5687,26,B
5688,63,C
5689,12,C
5690,13,C
5691,73,B
5692,86,A
5693,28,B
5694,66,C
5695,38,B
5696,25,C
5697,59,B
5698,58,B
5699,86,C
5700,62,B
5701,29,B
5702,91,C
5703,89,B
5704,65,B
5705,95,A
5706,56,C
5707,0,A
5708,19,A
5709,48,C
5710,30,B
5711,76,C
5712,91,B
5713,54,C
5714,11,C
5715,62,B
5716,58,C
5717,36,A
5718,46,B
5719,30,B
5720,64,B
5721,42,C
5722,79,A
5723,40,A
5724,66,B
5725,90,B
5726,88,A
5727,29,B
5728,74,C
5729,26,A
5730,32,B
5731,15,C
5732,44,A
5733,56,A
5734,27,C
5735,74,B
5736,1,B
5737,85,A
5738,65,A
5739,77,C
5740,36,C
5741,3,C
5742,55,A
5743,61,C
5744,63,C
5745,79,B
5746,52,B
5747,37,A
5748,82,B
5749,89,A
5750,34,A
5751,55,B
5752,53,B
5753,81,A
5754,59,A
5755,93,A
5756,14,B
5757,66,B
5758,87,B
5759,22,C
5760,74,B
5761,53,A
5762,92,B
5763,26,C
5764,4,B
5765,39,C
5766,77,A
5767,60,C
5768,44,C
5769,5,B
5770,80,C
5771,13,B
5772,19,A
5773,94,C
5774,73,C
5775,35,B
5776,94,B
5777,70,C
5778,58,A
5779,20,C
5780,71,B
5781,10,C
5782,49,C
5783,19,A
5784,2,A
5785,90,B
5786,41,A
5787,18,C
5788,24,C
5789,26,C
5790,98,C
5791,67,A
5792,72,A
5793,36,B
5794,0,C
5795,15,B
5796,82,B
5797,28,A
5798,25,C
5799,83,B
5800,6,A
5801,79,A
5802,57,C
5803,10,A
5804,99,C
5805,19,B
5806,5,C
5807,32,B
5808,24,C
5809,16,B
5810,26,C
5811,78,A
5812,40,C
5813,30,A
5814,69,B
5815,83,A
5816,73,A
5817,2,C
5818,14,B
5819,62,C
5820,20,A
5821,28,B
5822,52,B
5823,46,C
5824,56,A
5825,49,C
5826,26,B
5827,47,B
5828,78,B
5829,35,B
5830,47,A
5831,89,B
5832,26,C
5833,1,A
5834,39,B
5835,80,C
5836,17,B
5837,65,B
5838,75,B
5839,6,B
5840,36,B
5841,56,B
5842,95,C
5843,71,A
5844,30,B
5845,49,C
5846,24,A
5847,61,C
5848,77,C
5849,65,C
5850,20,A
5851,40,B
5852,42,C
5853,85,A
5854,4,B
5855,56,B
5856,54,A
5857,68,C
5858,19,A
5859,23,B
5860,29,C
5861,49,C
5862,31,B
5863,64,C
5864,98,A
5865,27,C
5866,37,C
5867,82,C
5868,52,B
5869,94,C
5870,94,B
5871,67,A
5872,45,C
5873,69,C
5874,6,B
5875,12,A
5876,84,C
5877,35,B
5878,77,C
5879,21,C
5880,59,B
5881,17,C
5882,18,A
5883,78,C
5884,44,C
5885,99,A
5886,46,C
5887,56,C
5888,51,B
5889,7,A
5890,64,C
5891,22,C
5892,15,C
5893,53,C
5894,52,A
5895,58,A
5896,40,A
5897,80,B
5898,67,C
5899,42,B
5900,68,B
5901,54,A
5902,72,B
5903,10,B
5904,54,C
5905,52,B
5906,5,B
5907,55,A
5908,48,C
5909,21,A
5910,16,A
5911,82,B
5912,70,B
5913,56,C
5914,15,A
5915,24,A
5916,6,C
5917,57,B
5918,36,B
5919,35,B
5920,12,A
5921,44,A
5922,44,C
5923,85,B
5924,40,C
5925,45,B
5926,41,C
5927,28,C
5928,67,B
5929,83,A
5930,32,B
5931,87,B
5932,39,A
5933,86,C
5934,97,B
5935,95,A
5936,92,C
5937,2,A
5938,9,B
5939,32,A
5940,6,C
5941,17,C
5942,72,C
5943,93,C
5944,21,C
5945,38,A
5946,92,A
5947,21,C
5948,29,C
5949,48,A
5950,63,C
5951,91,C
5952,52,C
5953,28,B
5954,26,A
5955,83,B
5956,21,A
5957,81,C
5958,89,B
5959,40,A
5960,38,C
5961,4,C
5962,79,A
5963,21,A
5964,65,C
5965,41,C
5966,25,A
5967,6,A
5968,26,C
5969,0,C
5970,86,C
5971,25,C
5972,29,B
5973,7,C
5974,90,C
5975,16,B
5976,14,C
5977,18,B
5978,34,A
5979,80,C
5980,0,C
5981,97,A
5982,46,C
5983,35,B
5984,1,A
5985,91,B
5986,14,C
5987,71,A
5988,24,B
5989,25,A
5990,51,B
5991,95,B
5992,23,B
5993,96,B
5994,90,C
5995,88,C
5996,7,A
5997,64,A
5998,77,A
5999,47,B
6000,26,C
6001,84,B
6002,8,A
6003,83,A
6004,45,B
6005,58,B
6006,57,A
6007,59,A
6008,48,B
6009,59,C
6010,55,A
6011,40,C
6012,65,C
6013,51,B
6014,30,A
6015,61,A
6016,48,A
6017,52,C
6018,30,C
6019,86,B
6020,98,C
6021,50,A
6022,24,B
6023,94,B
6024,10,B
6025,12,A
6026,99,A
6027,85,B
6028,46,A
6029,63,A
6030,52,C
6031,82,A
6032,48,B
6033,93,A
6034,79,C
6035,70,B
6036,45,C
6037,13,A
6038,83,A
6039,56,A
6040,78,B
6041,40,B
6042,28,C
6043,38,B
6044,56,B
6045,33,A
6046,84,A
6047,58,A
6048,56,B
6049,6,C
6050,29,B
6051,33,A
6052,16,B
6053,38,C
6054,30,C
6055,7,C
6056,71,B
6057,74,B
6058,28,C
6059,33,C
6060,81,A
6061,57,A
6062,51,A
6063,11,A
6064,27,A
6065,73,A
6066,13,A
6067,73,A
6068,95,B
6069,66,C
6070,3,C
6071,20,A
6072,51,B
6073,81,B
6074,93,C
6075,59,C
6076,81,C
6077,17,B
6078,99,B
6079,30,A
6080,72,B
6081,81,C
6082,39,A
6083,39,C
6084,64,A
6085,61,C
6086,46,C
6087,49,B
6088,20,B
6089,46,B
6090,92,C
6091,94,C
6092,72,B
6093,28,C
6094,2,C
6095,0,B
6096,90,C
6097,74,B
6098,18,A
6099,50,B
6100,53,B
6101,80,A
6102,48,B
6103,52,C
6104,57,C
6105,10,A
6106,28,A
6107,32,C
6108,39,A
6109,96,C
6110,29,A
6111,75,A
6112,50,A
6113,38,A
6114,36,C
6115,47,C
6116,9,B
6117,16,B
6118,37,C
6119,21,A
6120,86,C
6121,83,B
6122,44,A
6123,90,C
6124,70,C
6125,86,C
6126,51,A
6127,90,B
6128,27,A
6129,32,C
6130,77,B
6131,62,A
6132,19,A
6133,32,A
6134,69,A
6135,95,A
6136,47,B
6137,80,B
6138,83,A
6139,77,A
6140,8,B
6141,73,B
6142,41,B
6143,36,A
6144,38,C
6145,2,B
6146,93,B
6147,19,A
6148,25,B
6149,50,A
6150,32,A
6151,85,B
6152,3,A
6153,77,A
6154,8,C
6155,0,A
6156,88,B
6157,37,B
6158,46,A
6159,91,A
6160,37,A
6161,65,A
6162,31,B
6163,81,B
6164,76,B
6165,21,A
6166,9,C
6167,56,A
6168,18,A
6169,75,B
6170,30,C
6171,89,C
6172,35,B
6173,59,A
6174,47,A
6175,70,A
6176,12,C
6177,42,C
6178,77,C
6179,26,A
6180,52,B
6181,53,B
6182,56,C
6183,60,B
6184,69,B
6185,35,C
6186,72,A
6187,37,C
6188,2,C
6189,99,B
6190,80,A
6191,81,A
6192,59,A
6193,22,C
6194,69,C
6195,54,A
6196,10,C
6197,21,B
6198,14,B
6199,29,A
6200,17,B
6201,28,A
6202,18,A
6203,12,C
6204,53,A
6205,7,C
6206,67,B
6207,51,B
6208,40,C
6209,17,A
6210,58,A
6211,42,A
6212,3,A
6213,59,C
6214,51,A
6215,68,B
6216,11,A
6217,50,B
6218,12,B
6219,69,C
6220,93,B
6221,69,A
6222,1,A
6223,8,A
6224,89,B
6225,77,C
6226,48,A
6227,19,A
6228,72,A
6229,34,A
6230,13,C
6231,96,B
6232,63,A
6233,49,B
6234,84,C
6235,86,B
6236,88,C
6237,54,C
6238,50,C
6239,80,A
6240,11,B
6241,3,B
6242,69,C
6243,90,C
6244,67,C
6245,26,A
6246,37,C
6247,41,C
6248,93,A
6249,62,A
6250,21,B
6251,30,B
6252,87,C
6253,84,C
6254,93,A
6255,58,C
6256,81,A
6257,0,B
6258,37,B
6259,67,A
6260,92,B
6261,50,A
6262,49,B
6263,73,A
6264,63,B
6265,6,B
6266,35,B
6267,99,C
6268,20,C
6269,28,C
6270,75,A
6271,5,B
6272,23,B
6273,36,C
6274,39,B
6275,65,A
6276,2,B
6277,70,B
6278,70,A
6279,3,C
6280,32,C
6281,9,B
6282,2,C
6283,95,A
6284,31,A
6285,83,C
6286,71,A
6287,34,A
6288,0,A
6289,95,B
6290,70,B
6291,29,A
6292,5,C
6293,3,A
6294,88,A
6295,36,B
6296,85,C
6297,18,A
6298,16,A
6299,52,C
6300,84,B
6301,69,B
6302,19,B
6303,43,A
6304,2,B
6305,7,B
6306,22,C
6307,19,C
6308,64,B
6309,33,A
6310,91,C
6311,15,A
6312,23,C
6313,33,A
6314,30,C
6315,11,A
6316,88,A
6317,57,A
6318,40,B
6319,28,A
6320,99,A
6321,28,B
6322,70,B
6323,19,B
6324,74,A
6325,16,B
6326,75,C
6327,26,B
6328,12,B
6329,52,A
6330,67,B
6331,79,A
6332,24,B
6333,48,C
6334,16,B
6335,32,C
6336,3,A
6337,33,C
6338,38,C
6339,10,C
6340,63,C
6341,59,B
6342,44,A
6343,74,A
6344,87,C
6345,67,A
6346,34,C
6347,93,A
6348,5,A
6349,64,C
6350,87,B
6351,71,A
6352,72,A
6353,71,C
6354,66,B
6355,64,C
6356,22,A
6357,96,C
6358,44,B
6359,45,C
6360,53,A
6361,17,C
6362,29,A
6363,77,C
6364,48,A
6365,26,B
6366,73,A
6367,79,B
6368,20,A
6369,89,A
6370,61,C
6371,1,B
6372,10,B
6373,99,C
6374,28,A
6375,69,C
6376,94,B
6377,91,B
6378,47,C
6379,5,B
6380,22,A
6381,25,B
6382,44,A
6383,65,B
6384,49,B
6385,27,A
6386,97,A
6387,57,B
6388,55,A
6389,96,A
6390,86,B
6391,33,B
6392,66,A
6393,11,B
6394,93,C
6395,99,A
6396,62,A
6397,20,A
6398,1,B
6399,81,B
6400,24,B
6401,79,C
6402,4,A
6403,49,C
6404,26,C
6405,95,A
6406,86,C
6407,54,A
6408,31,B
6409,85,A
6410,91,B
6411,41,B
6412,85,B
6413,18,B
6414,75,B
6415,50,A
6416,90,C
6417,76,B
6418,39,A
6419,32,A
6420,60,A
6421,29,A
6422,6,A
6423,75,A
6424,1,B
6425,53,A
6426,48,C
6427,51,B
6428,38,C
6429,24,B
6430,91,A
6431,12,A
6432,56,C
6433,32,C
6434,18,B
6435,19,B
6436,47,C
6437,68,B
6438,1,A
6439,92,A
6440,15,B
6441,28,A
6442,92,C
6443,91,C
6444,81,A
6445,63,A
6446,25,A
6447,27,B
6448,12,A
6449,76,C
6450,81,B
6451,89,A
6452,90,B
6453,68,A
6454,95,C
6455,30,B
6456,98,B
6457,53,B
6458,1,C
6459,82,B
6460,59,B
6461,22,C
6462,50,C
6463,17,C
6464,62,B
6465,5,A
6466,58,A
6467,14,A
6468,74,A
6469,96,C
6470,28,B
6471,42,B
6472,5,A
6473,21,C
6474,70,C
6475,25,A
6476,60,A
6477,72,B
6478,44,C
6479,90,C
6480,2,B
6481,12,B
6482,25,A
6483,22,C
6484,46,B
6485,47,B
6486,0,C
6487,8,B
6488,19,B
6489,45,C
6490,8,C
6491,83,A
6492,9,C
6493,44,C
6494,97,C
6495,61,C
6496,94,A
6497,68,A
6498,4,C
6499,43,C
6500,69,C
6501,52,B
6502,85,A
6503,51,A
6504,14,A
6505,94,B
6506,71,B
6507,51,A
6508,70,C
6509,57,A
6510,19,B
6511,66,B
6512,58,B
6513,19,C
6514,83,B
6515,74,B
6516,26,C
6517,40,A
6518,32,A
6519,14,B
6520,57,A
6521,90,C
6522,2,C
6523,45,B
6524,34,A
6525,40,A
6526,74,C
6527,87,A
6528,88,B
6529,69,A
6530,4,C
6531,93,A
6532,40,A
6533,25,C
6534,66,B
6535,83,A
6536,76,B
6537,53,A
6538,12,A
6539,88,A
6540,89,B
6541,46,C
6542,69,A
6543,81,B
6544,51,C
6545,24,B
6546,62,B
6547,44,C
6548,36,B
6549,42,A
6550,13,C
6551,85,B
6552,88,B
6553,16,A
6554,43,A
6555,68,C
6556,23,B
6557,97,A
6558,59,B
6559,0,A
6560,5,C
6561,44,A
6562,9,B
6563,62,B
6564,46,C
6565,77,C
6566,22,A
6567,1,B
6568,85,C
6569,30,A
6570,9,A
6571,1,C
6572,72,C
6573,85,C
6574,84,C
6575,8,B
6576,37,C
6577,98,B
6578,19,B
6579,95,C
6580,9,B
6581,55,B
6582,2,A
6583,12,A
6584,13,A
6585,50,A
6586,89,A
6587,89,C
6588,2,A
6589,97,B
6590,64,C
6591,72,C
6592,81,C
6593,38,B
6594,87,B
6595,14,B
6596,32,C
6597,17,A
6598,75,C
6599,78,A
6600,61,A
6601,98,A
6602,45,A
6603,38,C
6604,16,A
6605,87,B
6606,55,C
6607,96,A
6608,69,A
6609,12,C
6610,70,A
6611,57,A
6612,98,A
6613,28,C
6614,6,C
6615,34,A
6616,12,C
6617,45,A
6618,13,B
6619,42,A
6620,96,B
6621,9,C
6622,75,A
6623,32,B
6624,80,A
6625,60,A
6626,74,A
6627,27,B
6628,89,C
6629,94,C
6630,38,B
6631,54,A
6632,70,A
6633,9,C
6634,63,C
6635,73,A
6636,49,C
6637,41,A
6638,69,C
6639,18,A
6640,75,C
6641,29,A
6642,50,A
6643,48,C
6644,68,C
6645,17,A
6646,88,B
6647,11,A
6648,90,B
6649,45,C
6650,2,A
6651,16,B
6652,75,B
6653,0,A
6654,44,A
6655,82,A
6656,72,A
6657,27,A
6658,98,C
6659,28,B
6660,51,A
6661,29,A
6662,74,B
6663,59,C
6664,46,C
6665,39,B
6666,94,C
6667,25,B
6668,39,B
6669,30,A
6670,38,B
6671,53,A
6672,48,A
6673,88,B
6674,88,A
6675,74,B
6676,73,C
6677,95,B
6678,44,B
6679,10,C
6680,68,A
6681,87,A
6682,41,C
6683,75,C
6684,72,C
6685,13,A
6686,26,B
6687,93,A
6688,71,C
6689,75,C
6690,97,B
6691,70,C
6692,94,B
6693,78,A
6694,84,A
6695,21,B
6696,82,A
6697,48,C
6698,63,C
6699,69,B
6700,27,C
6701,90,A
6702,82,A
6703,0,C
6704,21,C
6705,35,B
6706,69,C
6707,77,B
6708,57,A
6709,13,A
6710,77,B
6711,94,B
6712,67,A
6713,36,B
6714,25,C
6715,53,C
6716,98,C
6717,35,B
6718,68,B
6719,42,A
6720,44,A
6721,27,C
6722,29,C
6723,71,C
6724,10,B
6725,3,B
6726,6,B
6727,46,B
6728,44,B
6729,40,B
6730,36,C
6731,53,C
6732,74,B
6733,92,B
6734,11,C
6735,41,C
6736,86,A
6737,4,B
6738,49,A
6739,46,A
6740,90,C
6741,91,C
6742,90,C
6743,96,C
6744,84,B
6745,71,A
6746,55,B
6747,12,B
6748,60,B
6749,26,A
6750,26,B
6751,55,C
6752,44,B
6753,59,B
6754,58,B
6755,63,C
6756,1,C
6757,71,A
6758,58,B
6759,52,A
6760,25,A
6761,81,B
6762,8,C
6763,32,C
6764,11,A
6765,90,B
6766,38,B
6767,12,B
6768,46,C
6769,64,C
6770,83,C
6771,63,C
6772,16,A
6773,19,A
6774,37,A
6775,37,C
6776,47,C
6777,71,B
6778,72,B
6779,43,A
6780,5,C
6781,35,A
6782,35,C
6783,76,B
6784,1,C
6785,60,B
6786,83,A
6787,4,C
6788,6,A
6789,53,B
6790,75,B
6791,57,C
6792,26,A
6793,65,B
6794,27,C
6795,67,C
6796,78,C
6797,61,A
6798,12,C
6799,16,B
6800,37,C
6801,60,A
6802,81,C
6803,2,B
6804,6,A
6805,43,A
6806,74,B
6807,92,A
6808,12,A
6809,79,C
6810,1,B
6811,2,A
6812,87,A
6813,82,B
6814,23,B
6815,32,A
6816,34,B
6817,22,A
6818,75,A
6819,12,A
6820,14,A
6821,28,A
6822,15,A
6823,28,B
6824,33,B
6825,35,A
6826,99,A
6827,30,C
6828,83,B
6829,48,A
6830,73,C
6831,12,C
6832,8,A
6833,25,A
6834,50,B
6835,39,A
6836,24,B
6837,73,B
6838,57,C
6839,87,A
6840,82,B
6841,42,A
6842,99,C
6843,11,A
6844,9,C
6845,54,A
6846,14,C
6847,1,B
6848,45,A
6849,91,A
6850,97,B
6851,63,A
6852,26,C
6853,21,C
6854,0,C
6855,6,B
6856,0,B
6857,12,C
6858,38,C
6859,69,B
6860,10,B
6861,11,A
6862,1,A
6863,47,A
6864,28,C
6865,51,B
6866,47,B
6867,44,B
6868,62,A
6869,90,C
6870,36,A
6871,42,C
6872,29,C
6873,78,B
6874,86,B
6875,72,A
6876,33,B
6877,49,B
6878,89,C
6879,11,B
6880,61,B
6881,33,B
6882,60,B
6883,64,A
6884,22,C
6885,16,A
6886,15,A
6887,92,B
6888,87,B
6889,68,B
6890,41,B
6891,58,C
6892,83,A
6893,81,B
6894,17,C
6895,23,A
6896,88,A
6897,75,C
6898,72,C
6899,16,B
6900,90,A
6901,1,A
6902,40,A
6903,92,A
6904,11,A
6905,89,C
6906,62,C
6907,48,B
6908,7,B
6909,19,B
6910,51,B
6911,48,A
6912,98,C
6913,44,A
6914,71,C
6915,37,B
6916,38,A
6917,54,A
6918,22,C
6919,25,C
6920,15,C
6921,92,C
6922,38,A
6923,34,A
6924,82,C
6925,52,A
6926,3,A
6927,15,B
6928,50,A
6929,54,A
6930,30,B
6931,45,A
6932,70,A
6933,64,A
6934,84,B
6935,51,A
6936,93,B
6937,34,A
6938,15,B
6939,66,C
6940,83,C
6941,27,B
6942,83,A
6943,65,B
6944,23,C
6945,43,C
6946,64,B
6947,70,B
6948,18,B
6949,84,B
6950,81,B
6951,99,B
6952,95,B
6953,77,B
6954,43,C
6955,96,A
6956,35,B
6957,65,A
6958,40,B
6959,35,A
6960,54,B
6961,94,A
6962,65,C
6963,57,A
6964,80,A
6965,55,C
6966,96,A
6967,10,B
6968,71,A
6969,93,B
6970,88,C
6971,26,C
6972,11,B
6973,20,B
6974,10,A
6975,14,A
6976,30,A
6977,61,C
6978,23,C
6979,47,A
6980,64,B
6981,57,C
6982,19,C
6983,26,A
6984,70,C
6985,14,C
6986,31,B
6987,38,C
6988,13,B
6989,70,C
6990,55,A
6991,93,C
6992,29,B
6993,1,B
6994,65,B
6995,36,C
6996,10,A
6997,71,C
6998,80,A
6999,99,C
7000,33,C
7001,39,B
7002,95,B
7003,39,C
7004,16,A
7005,48,B
7006,8,B
7007,35,C
7008,31,C
7009,75,B
7010,57,A
7011,90,B
7012,93,A
7013,8,B
7014,64,B
7015,31,A
7016,62,C
7017,67,A
7018,80,A
7019,42,C
7020,22,A
7021,86,B
7022,73,B
7023,70,C
7024,85,C
7025,81,B
7026,85,C
7027,42,B
7028,63,A
7029,22,C
7030,73,B
7031,7,A
7032,92,C
7033,91,B
7034,66,C
7035,33,B
7036,35,B
7037,24,A
7038,27,C
7039,81,B
7040,0,C
7041,55,A
7042,92,A
7043,21,B
7044,40,C
7045,76,A
7046,50,C
7047,31,A
7048,65,B
7049,2,B
7050,46,A
7051,11,C
7052,78,A
7053,63,C
7054,46,B
7055,14,A
7056,9,A
7057,47,B
7058,95,B
7059,54,A
7060,20,B
7061,33,C
7062,97,A
7063,75,A
7064,93,B
7065,62,C
7066,8,A
7067,87,A
7068,65,A
7069,73,B
7070,87,C
7071,54,C
7072,85,B
7073,60,B
7074,12,A
7075,4,C
7076,15,C
7077,18,A
7078,56,C
7079,39,A
7080,82,C
7081,79,A
7082,58,A
7083,65,C
7084,92,C
7085,89,A
7086,83,A
7087,61,B
7088,51,A
7089,43,B
7090,43,B
7091,82,A
7092,15,C
7093,6,A
7094,92,C
7095,20,C
7096,5,A
7097,34,A
7098,9,B
7099,23,C
7100,53,A
7101,21,B
7102,83,A
7103,76,B
7104,1,A
7105,8,A
7106,74,A
7107,36,C
7108,25,A
7109,76,A
7110,1,A
7111,49,C
7112,35,C
7113,25,C
7114,51,A
7115,56,C
7116,37,A
7117,33,B
7118,98,C
7119,94,C
7120,89,C
7121,11,C
7122,95,A
7123,40,A
7124,32,A
7125,36,C
7126,89,B
7127,33,B
7128,45,A
7129,40,B
7130,41,C
7131,33,B
7132,74,B
7133,30,A
7134,11,C
7135,74,C
7136,67,C
7137,19,C
7138,7,A
7139,26,A
7140,2,A
7141,26,B
7142,99,A
7143,60,B
7144,81,A
7145,74,A
7146,13,B
7147,41,C
7148,99,A
7149,55,B
7150,37,B
7151,58,B
7152,92,A
7153,19,B
7154,43,B
7155,2,C
7156,80,B
7157,74,A
7158,15,B
7159,53,A
7160,98,C
7161,36,A
7162,47,B
7163,65,A
7164,84,C
7165,44,A
7166,31,B
7167,27,B
7168,62,B
7169,12,C
7170,59,A
7171,83,C
7172,58,C
7173,58,B
7174,19,A
7175,88,A
7176,10,C
7177,92,A
7178,73,B
7179,80,A
7180,1,C
7181,4,A
7182,30,C
7183,93,B
7184,79,B
7185,42,B
7186,25,B
7187,98,C
7188,34,A
7189,62,A
7190,11,A
7191,49,C
7192,56,A
7193,69,B
7194,88,A
7195,25,C
7196,91,A
7197,56,B
7198,29,B
7199,60,A
7200,33,A
7201,14,A
7202,87,C
7203,11,C
7204,18,B
7205,32,B
7206,69,B
7207,42,A
7208,86,B
7209,16,C
7210,8,B
7211,89,A
7212,7,A
7213,35,A
7214,14,A
7215,78,A
7216,94,C
7217,39,C
7218,88,A
7219,34,A
7220,89,A
7221,35,A
7222,77,C
7223,10,A
7224,52,B
7225,71,B
7226,74,C
7227,58,B
7228,38,A
7229,66,C
7230,91,B
7231,41,C
7232,86,B
7233,31,C
7234,25,B
7235,34,C
7236,27,C
7237,48,C
7238,38,A
7239,28,B
7240,0,C
7241,21,C
7242,40,B
7243,9,B
7244,85,B
7245,67,A
7246,20,B
7247,88,C
7248,45,A
7249,59,A
7250,24,A
7251,92,A
7252,43,C
7253,90,A
7254,77,B
7255,94,C
7256,53,C
7257,17,B
7258,7,C
7259,56,B
7260,98,A
7261,19,B
7262,32,B
7263,91,C
7264,89,B
7265,50,C
7266,96,A
7267,30,C
7268,40,C
7269,81,B
7270,52,C
7271,12,C
7272,57,B
7273,46,A
7274,3,B
7275,3,A
7276,14,B
7277,79,A
7278,40,A
7279,81,A
7280,56,C
7281,28,A
7282,4,B
7283,58,A
7284,36,C
7285,29,C
7286,37,C
7287,13,B
7288,75,C
7289,89,B
7290,46,C
7291,9,B
7292,24,C
7293,70,C
7294,57,B
7295,77,C
7296,4,C
7297,63,B
7298,40,C
7299,28,B
7300,80,C
7301,60,C
7302,31,C
7303,47,A
7304,49,A
7305,2,C
7306,85,B
7307,97,C
7308,1,B
7309,30,C
7310,26,A
7311,35,A
7312,67,C
7313,68,B
7314,59,C
7315,55,C
7316,83,B
7317,62,C
7318,89,C
7319,38,B
7320,81,A
7321,87,A
7322,7,C
7323,33,C
7324,97,B
7325,33,B
7326,67,B
7327,38,C
7328,87,B
7329,85,A
7330,68,B
7331,33,A
7332,9,B
7333,66,A
7334,19,C
7335,64,C
7336,2,C
7337,71,C
7338,79,A
7339,71,C
7340,92,C
7341,86,A
7342,24,B
7343,61,A
7344,3,A
7345,57,C
7346,97,C
7347,47,A
7348,78,A
7349,51,B
7350,9,C
7351,28,A
7352,68,A
7353,9,C
7354,98,C
7355,63,B
7356,40,B
7357,45,C
7358,34,A
7359,12,C
7360,13,C
7361,98,A
7362,20,C
7363,72,B
7364,44,C
7365,82,B
7366,23,B
7367,1,C
7368,77,B
7369,22,A
7370,93,C
7371,50,A
7372,80,C
7373,22,A
7374,12,B
7375,84,A
7376,60,A
7377,0,A
7378,38,B
7379,72,B
7380,47,B
7381,17,C
7382,70,B
7383,71,A
7384,65,C
7385,20,B
7386,19,B
7387,48,A
7388,14,C
7389,42,C
7390,17,A
7391,86,C
7392,33,B
7393,54,C
7394,75,A
7395,38,B
7396,67,B
7397,10,B
7398,48,A
7399,65,B
7400,61,B
7401,56,C
7402,91,A
7403,21,B
7404,39,C
7405,16,C
7406,15,C
7407,95,C
7408,84,C
7409,14,C
7410,76,B
7411,8,A
7412,80,C
7413,22,A
7414,92,B
7415,44,A
7416,91,B
7417,57,A
7418,3,B
7419,27,C
7420,55,A
7421,52,A
7422,83,C
7423,43,A
7424,23,B
7425,83,A
7426,3,C
7427,54,C
7428,30,A
7429,51,A
7430,61,A
7431,86,B
7432,34,A
7433,21,B
7434,70,B
7435,33,C
7436,72,A
7437,91,C
7438,17,B
7439,99,C
7440,85,A
7441,48,B
7442,84,B
7443,83,A
7444,64,A
7445,36,A
7446,47,C
7447,64,C
7448,39,B
7449,82,C
7450,87,C
7451,94,A
7452,89,C
7453,22,B
7454,8,B
7455,52,B
7456,22,C
7457,43,C
7458,72,B
7459,94,C
7460,49,A
7461,40,A
7462,75,C
7463,81,C
7464,13,C
7465,38,C
7466,91,B
7467,80,A
7468,55,A
7469,72,C
7470,99,C
7471,99,B
7472,57,C
7473,24,A
7474,70,C
7475,64,B
7476,96,B
7477,64,C
7478,17,A
7479,31,B
7480,49,C
7481,74,C
7482,57,A
7483,39,A
7484,90,A
7485,31,C
7486,70,A
7487,45,A
7488,18,B
7489,2,A
7490,17,A
7491,58,A
7492,20,C
7493,76,C
7494,75,C
7495,85,C
7496,34,B
7497,15,C
7498,2,C
7499,90,A
7500,69,C
7501,7,B
7502,97,A
7503,22,B
7504,49,A
7505,73,A
7506,36,C
7507,52,A
7508,31,B
7509,85,B
7510,89,A
7511,88,C
7512,69,C
7513,4,A
7514,40,A
7515,30,A
7516,6,C
7517,77,B
7518,43,C
7519,33,A
7520,83,B
7521,9,A
7522,62,A
7523,59,A
7524,81,A
7525,46,C
7526,27,A
7527,25,B
7528,10,B
7529,30,A
7530,20,A
7531,67,C
7532,64,C
7533,8,A
7534,23,B
7535,55,A
7536,24,B
7537,64,A
7538,81,A
7539,39,B
7540,97,A
7541,72,C
7542,13,B
7543,53,A
7544,30,C
7545,83,B
7546,90,A
7547,62,A
7548,64,C
7549,35,B
7550,91,B
7551,50,B
7552,17,C
7553,51,A
7554,71,A
7555,49,A
7556,91,B
7557,89,B
7558,24,A
7559,19,B
7560,77,A
7561,0,B
7562,56,B
7563,87,C
7564,49,C
7565,90,C
7566,42,B
7567,50,B
7568,56,A
7569,26,A
7570,88,C
7571,5,C
7572,62,A
7573,69,B
7574,0,C
7575,90,A
7576,47,B
7577,49,C
7578,58,A
7579,79,B
7580,80,A
7581,48,B
7582,82,A
7583,59,B
7584,77,A
7585,64,C
7586,53,C
7587,11,C
7588,62,A
7589,77,A
7590,85,A
7591,17,C
7592,39,A
7593,86,B
7594,80,B
7595,44,A
7596,7,B
7597,20,C
7598,29,C
7599,0,A
7600,81,A
7601,40,B
7602,81,A
7603,20,C
7604,96,C
7605,35,A
7606,17,A
7607,57,C
7608,23,C
7609,96,A
7610,16,C
7611,66,C
7612,11,B
7613,3,A
7614,6,B
7615,55,C
7616,54,B
7617,61,C
7618,66,C
7619,2,B
7620,28,C
7621,39,C
7622,25,A
7623,81,A
7624,10,C
7625,74,B
7626,48,B
7627,59,C
7628,92,C
7629,90,A
7630,72,B
7631,51,C
7632,95,A
7633,73,C
7634,32,A
7635,12,B
7636,27,C
7637,76,C
7638,95,B
7639,24,C
7640,13,B
7641,53,C
7642,53,A
7643,52,C
7644,31,B
7645,42,A
7646,47,A
7647,51,B
7648,82,A
7649,25,B
7650,4,B
7651,27,B
7652,20,C
7653,31,C
7654,13,C
7655,88,B
7656,46,B
7657,6,C
7658,77,B
7659,96,A
7660,67,C
7661,33,C
7662,79,B
7663,88,A
7664,6,B
7665,58,C
7666,48,A
7667,7,C
7668,3,A
7669,65,B
7670,7,C
7671,82,B
7672,93,B
7673,23,B
7674,25,B
7675,6,A
7676,0,C
7677,15,C
7678,81,C
7679,28,B
7680,62,C
7681,80,C
7682,89,C
7683,30,C
7684,95,B
7685,94,C
7686,30,A
7687,47,A
7688,35,A
7689,36,A
7690,73,C
7691,52,C
7692,96,C
7693,69,B
7694,10,B
7695,92,C
7696,6,B
7697,97,A
7698,59,B
7699,19,A
7700,57,A
7701,31,B
7702,88,B
7703,2,C
7704,98,A
7705,11,A
7706,34,B
7707,14,C
7708,14,B
7709,42,A
7710,97,B
7711,23,B
7712,1,B
7713,65,A
7714,41,C
7715,0,A
7716,92,C
7717,93,A
7718,98,C
7719,81,C
7720,4,C
7721,14,B
7722,97,C
7723,45,C
7724,99,B
7725,24,B
7726,5,B
7727,72,B
7728,98,A
7729,45,A
7730,20,C
7731,41,B
7732,18,C
7733,70,A
7734,67,C
7735,12,B
7736,86,C
7737,86,C
7738,71,C
7739,45,B
7740,0,B
7741,34,A
7742,88,B
7743,52,C
7744,56,C
7745,5,B
7746,50,B
7747,63,A
7748,12,B
7749,63,B
7750,99,B
7751,47,B
7752,56,B
7753,84,A
7754,3,A
7755,15,C
7756,97,B
7757,39,B
7758,87,A
7759,69,A
7760,67,C
7761,94,A
7762,59,A
7763,28,B
7764,30,B
7765,32,C
7766,3,B
7767,1,C
7768,78,A
7769,34,B
7770,47,A
7771,65,C
7772,31,C
7773,63,A
7774,48,B
7775,42,C
7776,5,A
7777,87,B
7778,86,C
7779,75,B
7780,69,C
7781,21,A
7782,95,C
7783,51,B
7784,58,C
7785,42,A
7786,60,B
7787,52,A
7788,97,A
7789,81,B
7790,51,B
7791,73,A
7792,4,C
7793,9,C
7794,36,B
7795,20,A
7796,46,A
7797,86,C
7798,37,B
7799,64,B
7800,57,A
7801,9,A
7802,42,A
7803,70,C
7804,63,C
7805,52,A
7806,22,B
7807,30,A
7808,75,B
7809,53,A
7810,52,B
7811,37,C
7812,95,A
7813,70,C
7814,34,B
7815,44,C
7816,24,B
7817,40,B
7818,72,B
7819,52,A
7820,82,A
7821,79,A
7822,66,C
7823,26,A
7824,76,A
7825,72,A
7826,64,A
7827,69,B
7828,7,A
7829,31,B
7830,10,B
7831,63,C
7832,2,A
7833,18,A
7834,92,C
7835,85,B
7836,19,B
7837,57,C
7838,81,B
7839,18,C
7840,38,C
7841,65,A
7842,17,C
7843,65,C
7844,42,B
7845,79,B
7846,68,C
7847,85,B
7848,65,C
7849,94,A
7850,31,B
7851,71,A
7852,82,C
7853,69,C
7854,69,A
7855,80,A
7856,89,A
7857,91,A
7858,26,C
7859,71,C
7860,72,A
7861,51,B
7862,8,A
7863,77,A
7864,76,A
7865,52,C
7866,45,B
7867,84,B
7868,68,C
7869,10,B
7870,69,C
7871,0,C
7872,7,A
7873,0,C
7874,49,A
7875,0,A
7876,37,C
7877,30,A
7878,60,A
7879,4,A
7880,90,A
7881,82,C
7882,85,C
7883,38,B
7884,42,C
7885,75,A
7886,21,C
7887,1,A
7888,18,B
7889,37,B
7890,40,B
7891,69,B
7892,41,B
7893,67,A
7894,58,B
7895,37,B
7896,70,B
7897,38,B
7898,78,B
7899,34,C
7900,73,C
7901,12,C
7902,63,A
7903,41,A
7904,64,B
7905,89,B
7906,14,B
7907,34,B
7908,89,A
7909,75,A
7910,86,A
7911,77,C
7912,88,B
7913,61,C
7914,26,C
7915,1,C
7916,82,A
7917,52,C
7918,86,A
7919,40,B
7920,44,A
7921,8,A
7922,2,C
7923,24,B
7924,6,C
7925,50,B
7926,87,B
7927,12,A
7928,49,C
7929,42,B
7930,14,A
7931,37,B
7932,60,C
7933,6,B
7934,27,A
7935,44,A
7936,35,B
7937,65,B
7938,23,A
7939,36,A
7940,90,B
7941,52,B
7942,87,C
7943,76,C
7944,56,B
7945,51,C
7946,37,C
7947,84,C
7948,96,B
7949,76,A
7950,53,A
7951,82,B
7952,56,B
7953,97,B
7954,17,C
7955,1,B
7956,97,C
7957,87,B
7958,73,C
7959,23,C
7960,9,B
7961,87,A
7962,71,A
7963,10,A
7964,46,B
7965,49,A
7966,39,B
7967,78,C
7968,48,A
7969,2,B
7970,85,A
7971,22,C
7972,28,B
7973,75,A
7974,37,C
7975,89,C
7976,75,C
7977,59,A
7978,93,B
7979,73,C
7980,37,B
7981,27,C
7982,50,A
7983,26,C
7984,36,B
7985,70,A
7986,59,B
7987,71,C
7988,50,A
7989,28,C
7990,73,C
7991,63,C
7992,98,C
7993,43,B
7994,51,A
7995,14,A
7996,99,B
7997,33,C
7998,5,B
7999,82,B
8000,88,C
8001,42,B
8002,81,C
8003,17,A
8004,23,C
8005,97,A
8006,53,A
8007,2,C
8008,53,B
8009,81,C
8010,97,A
8011,86,B
8012,19,A
8013,48,B
8014,24,B
8015,22,B
8016,67,A
8017,64,B
8018,64,A
8019,97,A
8020,95,B
8021,78,B
8022,74,C
8023,24,B
8024,37,A
8025,48,A
8026,12,A
8027,3,B
8028,96,A
8029,83,A
8030,59,B
8031,0,A
8032,85,A
8033,51,B
8034,9,A
8035,56,B
8036,64,A
8037,78,C
8038,36,C
8039,25,C
8040,59,C
8041,19,B
8042,8,C
8043,86,C
8044,9,B
8045,6,B
8046,36,C
8047,43,B
8048,71,A
8049,16,C
8050,17,A
8051,63,A
8052,75,B
8053,84,A
8054,6,B
8055,71,B
8056,58,B
8057,48,A
8058,91,C
8059,90,B
8060,91,C
8061,13,B
8062,71,C
8063,74,A
8064,13,B
8065,73,A
8066,11,C
8067,94,B
8068,95,A
8069,92,A
8070,95,B
8071,62,B
8072,29,B
8073,77,C
8074,93,B
8075,86,C
8076,41,A
8077,45,C
8078,93,B
8079,41,C
8080,77,B
8081,84,C
8082,0,C
8083,25,C
8084,80,A
8085,56,A
8086,96,C
8087,46,A
8088,52,B
8089,37,C
8090,35,C
8091,64,B
8092,69,C
8093,37,B
8094,20,C
8095,62,B
8096,52,A
8097,94,C
8098,98,A
8099,78,C
8100,92,A
8101,49,B
8102,65,B
8103,23,C
8104,14,C
8105,53,A
8106,42,B
8107,67,C
8108,23,C
8109,4,A
8110,3,A
8111,87,A
8112,0,C
8113,69,A
8114,39,A
8115,89,B
8116,7,C
8117,97,B
8118,43,B
8119,12,B
8120,79,B
8121,92,A
8122,13,B
8123,33,B
8124,33,C
8125,24,B
8126,79,B
8127,91,C
8128,86,B
8129,68,C
8130,23,A
8131,92,B
8132,78,A
8133,14,C
8134,33,B
8135,98,C
8136,51,A
8137,92,B
8138,8,A
8139,40,A
8140,76,B
8141,17,A
8142,82,A
8143,12,C
8144,41,B
8145,28,B
8146,35,C
8147,92,A
8148,58,A
8149,99,C
8150,63,A
8151,49,A
8152,27,A
8153,81,B
8154,93,A
8155,63,A
8156,3,C
8157,96,B
8158,74,B
8159,93,C
8160,87,A
8161,41,A
8162,89,B
8163,61,A
8164,63,B
8165,28,A
8166,7,B
8167,44,A
8168,53,B
8169,94,C
8170,2,A
8171,96,B
8172,47,A
8173,56,B
8174,14,A
8175,26,B
8176,14,B
8177,56,A
8178,6,C
8179,11,A
8180,24,A
8181,75,B
8182,56,B
8183,47,A
8184,63,A
8185,97,C
8186,24,C
8187,61,A
8188,4,B
8189,88,C
8190,14,A
8191,45,C
8192,60,B
8193,47,A
8194,87,C
8195,47,B
8196,35,C
8197,93,B
8198,4,A
8199,27,A
8200,61,C
8201,3,C
8202,43,C
8203,10,B
8204,73,B
8205,35,C
8206,48,C
8207,85,C
8208,18,B
8209,34,B
8210,89,A
8211,86,A
8212,20,A
8213,70,C
8214,22,B
8215,56,A
8216,85,A
8217,12,C
8218,22,A
8219,13,C
8220,89,C
8221,44,A
8222,79,C
8223,32,C
8224,99,A
8225,38,C
8226,41,C
8227,81,B
8228,16,A
8229,4,C
8230,45,C
8231,61,A
8232,36,C
8233,42,C
8234,82,A
8235,17,B
8236,65,A
8237,92,A
8238,44,B
8239,44,C
8240,41,A
8241,75,C
8242,73,B
8243,28,A
8244,99,B
8245,62,C
8246,33,C
8247,10,C
8248,30,C
8249,66,A
8250,35,A
8251,18,A
8252,81,B
8253,76,A
8254,46,A
8255,85,A
8256,54,A
8257,21,B
8258,68,C
8259,82,C
8260,47,A
8261,20,C
8262,75,A
8263,64,C
8264,81,B
8265,45,C
8266,68,A
8267,9,A
8268,70,C
8269,40,B
8270,53,A
8271,38,A
8272,29,A
8273,74,C
8274,13,A
8275,84,B
8276,72,B
8277,34,B
8278,88,C
8279,3,C
8280,24,C
8281,43,A
8282,2,A
8283,48,B
8284,2,B
8285,0,A
8286,74,C
8287,85,C
8288,8,A
8289,48,A
8290,37,A
8291,34,B
8292,41,C
8293,33,B
8294,37,C
8295,36,A
8296,38,B
8297,68,B
8298,5,C
8299,6,B
8300,82,B
8301,6,A
8302,2,A
8303,73,A
8304,10,A
8305,53,A
8306,24,B
8307,89,C
8308,71,B
8309,92,B
8310,56,C
8311,23,A
8312,69,C
8313,56,B
8314,58,B
8315,7,A
8316,58,C
8317,1,B
8318,61,B
8319,74,B
8320,8,C
8321,36,A
8322,86,C
8323,18,B
8324,25,C
8325,23,B
8326,36,A
8327,21,A
8328,28,B
8329,55,B
8330,25,B
8331,27,B
8332,52,A
8333,96,C
8334,31,A
8335,83,B
8336,7,C
8337,97,B
8338,89,C
8339,43,B
8340,7,B
8341,10,C
8342,43,A
8343,31,A
8344,97,A
8345,20,C
8346,73,C
8347,27,A
8348,4,B
8349,53,A
8350,22,A
8351,77,B
8352,64,A
8353,50,C
8354,48,B
8355,27,C
8356,46,B
8357,34,C
8358,71,B
8359,79,C
8360,42,C
8361,48,C
8362,10,C
8363,60,B
8364,27,A
8365,58,B
8366,18,A
8367,65,B
8368,55,A
8369,86,A
8370,24,A
8371,55,C
8372,33,C
8373,69,C
8374,46,A
8375,80,B
8376,6,C
8377,92,C
8378,97,B
8379,65,A
8380,60,C
8381,8,A
8382,2,A
8383,67,C
8384,11,C
8385,33,B
8386,10,A
8387,45,C
8388,27,B
8389,8,B
8390,47,A
8391,35,A
8392,73,C
8393,79,C
8394,90,C
8395,41,B
8396,30,B
8397,89,A
8398,6,B
8399,57,B
8400,30,A
8401,25,A
8402,62,B
8403,57,B
8404,53,C
8405,45,B
8406,36,A
8407,54,A
8408,96,A
8409,42,B
8410,77,B
8411,70,C
8412,72,B
8413,27,C
8414,29,A
8415,49,B
8416,52,A
8417,32,B
8418,20,A
8419,90,A
8420,56,A
8421,99,A
8422,19,B
8423,44,B
8424,12,A
8425,88,A
8426,73,A
8427,52,A
8428,51,A
8429,48,C
8430,52,A
8431,8,C
8432,80,A
8433,56,C
8434,62,A
8435,7,A
8436,53,A
8437,13,B
8438,35,C
8439,84,A
8440,20,C
8441,2,C
8442,93,A
8443,63,A
8444,87,C
8445,41,C
8446,19,C
8447,28,A
8448,6,C
8449,42,B
8450,81,A
8451,80,B
8452,72,C
8453,79,C
8454,88,B
8455,52,A
8456,22,A
8457,13,B
8458,78,B
8459,69,C
8460,98,B
8461,64,B
8462,15,C
8463,21,A
8464,0,A
8465,66,C
8466,67,C
8467,93,B
8468,83,C
8469,99,B
8470,98,C
8471,35,C
8472,1,A
8473,37,A
8474,44,A
8475,53,B
8476,46,C
8477,44,B
8478,41,A
8479,81,B
8480,48,A
8481,49,C
8482,23,B
8483,52,A
8484,29,A
8485,30,B
8486,89,B
8487,3,B
8488,19,A
8489,28,B
8490,15,C
8491,2,C
8492,9,B
8493,42,A
8494,43,C
8495,17,A
8496,12,A
8497,95,A
8498,3,B
8499,95,C
8500,88,C
8501,70,A
8502,85,C
8503,2,B
8504,38,A
8505,39,B
8506,41,C
8507,38,C
8508,82,C
8509,32,B
8510,89,A
8511,83,C
8512,19,C
8513,97,A
8514,7,C
8515,94,C
8516,60,B
8517,76,C
8518,54,C
8519,89,B
8520,63,A
8521,62,B
8522,65,B
8523,19,A
8524,38,C
8525,93,C
8526,45,A
8527,51,B
8528,0,C
8529,60,A
8530,57,C
8531,77,C
8532,56,A
8533,48,B
8534,57,C
8535,56,A
8536,19,A
8537,70,C
8538,3,A
8539,0,C
8540,19,B
8541,31,A
8542,46,A
8543,26,A
8544,7,C
8545,45,B
8546,87,C
8547,51,B
8548,70,C
8549,84,A
8550,2,C
8551,59,C
8552,89,B
8553,64,A
8554,10,B
8555,99,A
8556,77,B
8557,96,B
8558,77,C
8559,29,C
8560,89,A
8561,61,A
8562,21,B
8563,23,B
8564,17,A
8565,17,B
8566,98,C
8567,22,C
8568,39,B
8569,95,A
8570,17,A
8571,21,B
8572,65,A
8573,15,C
8574,4,A
8575,85,C
8576,30,A
8577,50,A
8578,44,A
8579,79,A
8580,9,A
8581,86,A
8582,74,A
8583,92,A
8584,32,C
8585,69,B
8586,23,C
8587,37,B
8588,20,C
8589,39,B
8590,12,A
8591,1,A
8592,1,C
8593,89,B
8594,70,A
8595,61,A
8596,92,A
8597,42,B
8598,45,C
8599,94,C
8600,84,C
8601,28,B
8602,77,A
8603,79,A
8604,68,C
8605,21,C
8606,88,C
8607,87,C
8608,98,C
8609,92,A
8610,19,A
8611,53,B
8612,98,A
8613,35,C
8614,30,C
8615,58,C
8616,95,B
8617,84,C
8618,10,C
8619,49,A
8620,53,C
8621,67,C
8622,31,C
8623,4,A
8624,89,B
8625,50,C
8626,53,C
8627,1,B
8628,28,B
8629,46,B
8630,76,A
8631,99,A
8632,43,B
8633,41,A
8634,65,B
8635,13,A
8636,51,C
8637,6,A
8638,42,C
8639,93,C
8640,89,C
8641,50,C
8642,95,B
8643,49,A
8644,64,B
8645,38,C
8646,70,A
8647,9,B
8648,46,A
8649,40,C
8650,52,B
8651,17,C
8652,55,B
8653,39,C
8654,3,C
8655,66,A
8656,95,C
8657,31,A
8658,52,B
8659,35,A
8660,57,B
8661,3,B
8662,3,C
8663,4,B
8664,81,C
8665,68,B
8666,73,A
8667,92,C
8668,40,C
8669,7,A
8670,32,C
8671,63,C
8672,87,C
8673,26,A
8674,78,A
8675,85,A
8676,23,C
8677,84,A
8678,61,A
8679,6,A
8680,53,C
8681,51,A
8682,96,B
8683,24,A
8684,16,A
8685,89,C
8686,98,A
8687,49,A
8688,53,A
8689,44,C
8690,19,B
8691,28,A
8692,11,C
8693,65,C
8694,27,B
8695,26,B
8696,12,A
8697,34,B
8698,45,B
8699,71,B
8700,95,A
8701,27,B
8702,68,C
8703,47,A
8704,83,B
8705,93,B
8706,67,A
8707,79,A
8708,61,B
8709,71,A
8710,37,B
8711,97,B
8712,23,A
8713,38,B
8714,52,B
8715,97,C
8716,17,B
8717,51,C
8718,45,A
8719,26,B
8720,93,A
8721,33,A
8722,38,A
8723,72,B
8724,43,B
8725,90,B
8726,17,C
8727,7,B
8728,27,C
8729,25,A
8730,58,B
8731,57,C
8732,80,A
8733,43,C
8734,74,A
8735,0,A
8736,51,A
8737,20,A
8738,20,A
8739,12,B
8740,65,B
8741,92,B
8742,76,A
8743,99,B
8744,50,C
8745,75,C
8746,92,A
8747,96,A
8748,48,B
8749,20,B
8750,53,B
8751,69,B
8752,18,B
8753,21,B
8754,3,C
8755,36,B
8756,66,B
8757,48,B
8758,46,B
8759,45,B
8760,2,A
8761,71,B
8762,72,A
8763,66,A
8764,52,C
8765,78,A
8766,23,C
8767,21,C
8768,63,C
8769,52,B
8770,17,C
8771,6,B
8772,91,C
8773,43,A
8774,67,B
8775,4,B
8776,71,C
8777,80,C
8778,79,A
8779,72,B
8780,36,B
8781,20,C
8782,23,B
8783,59,B
8784,74,B
8785,8,C
8786,98,C
8787,19,B
8788,84,B
8789,66,B
8790,38,B
8791,91,A
8792,18,B
8793,59,A
8794,36,C
8795,64,A
8796,61,B
8797,80,C
8798,43,B
8799,41,B
8800,73,A
8801,64,B
8802,14,B
8803,98,C
8804,34,B
8805,6,A
8806,19,C
8807,41,C
8808,9,B
8809,32,B
8810,56,C
8811,90,C
8812,61,B
8813,48,A
8814,20,B
8815,3,B
8816,54,B
8817,50,B
8818,52,A
8819,6,C
8820,90,C
8821,40,B
8822,0,B
8823,84,B
8824,11,B
8825,78,C
8826,64,B
8827,39,B
8828,39,C
8829,45,C
8830,41,A
8831,88,B
8832,54,A
8833,0,C
8834,54,B
8835,63,A
8836,22,A
8837,80,A
8838,45,B
8839,90,C
8840,52,C
8841,95,C
8842,45,A
8843,89,B
8844,27,A
8845,99,B
8846,69,C
8847,96,C
8848,1,B
8849,16,A
8850,99,A
8851,84,B
8852,71,B
8853,86,B
8854,1,B
8855,60,B
8856,79,A
8857,58,A
8858,39,A
8859,34,A
8860,1,A
8861,18,B
8862,24,C
8863,41,A
8864,94,C
8865,82,A
8866,55,A
8867,10,C
8868,86,C
8869,90,C
8870,0,B
8871,54,C
8872,32,B
8873,43,B
8874,89,A
8875,62,C
8876,6,C
8877,1,C
8878,7,B
8879,65,A
8880,7,B
8881,50,C
8882,85,C
8883,61,B
8884,63,A
8885,68,A
8886,5,B
8887,11,C
8888,96,C
8889,24,B
8890,31,A
8891,60,A
8892,54,C
8893,91,A
8894,42,A
8895,35,B
8896,66,A
8897,5,A
8898,27,C
8899,45,C
8900,11,A
8901,15,A
8902,20,B
8903,46,A
8904,95,B
8905,7,A
8906,30,A
8907,31,B
8908,67,B
8909,7,B
8910,93,A
8911,6,A
8912,67,A
8913,1,A
8914,11,B
8915,40,B
8916,77,B
8917,47,B
8918,37,B
8919,42,A
8920,30,C
8921,41,C
8922,57,C
8923,45,C
8924,13,C
8925,82,A
8926,30,A
8927,50,A
8928,55,C
8929,73,B
8930,66,B
8931,57,C
8932,52,B
8933,96,A
8934,41,C
8935,39,B
8936,69,B
8937,18,C
8938,82,A
8939,91,C
8940,67,B
8941,41,A
8942,78,A
8943,72,C
8944,66,C
8945,66,B
8946,58,B
8947,6,B
8948,9,A
8949,89,A
8950,8,B
8951,29,A
8952,23,B
8953,47,C
8954,59,C
8955,26,B
8956,87,C
8957,40,B
8958,93,B
8959,98,B
8960,52,B
8961,9,A
8962,64,B
8963,0,B
8964,58,B
8965,94,C
8966,88,B
8967,28,A
8968,74,C
8969,89,C
8970,11,B
8971,36,A
8972,94,B
8973,65,B
8974,5,C
8975,6,B
8976,66,B
8977,18,C
8978,92,C
8979,79,B
8980,95,A
8981,66,B
8982,59,C
8983,42,B
8984,4,C
8985,26,A
8986,53,B
8987,75,B
8988,15,B
8989,41,A
8990,30,C
8991,28,A
8992,73,A
8993,70,B
8994,70,B
8995,12,C
8996,2,C
8997,96,B
8998,53,C
8999,98,C
9000,3,A
9001,41,A
9002,39,C
9003,8,B
9004,12,C
9005,82,A
9006,4,B
9007,45,B
9008,43,C
9009,65,C
9010,80,B
9011,96,C
9012,67,C
9013,19,C
9014,78,A
9015,83,C
9016,7,C
9017,62,A
9018,84,C
9019,30,C
9020,70,B
9021,44,C
9022,10,A
9023,26,B
9024,66,B
9025,57,B
9026,35,A
9027,2,A
9028,93,A
9029,81,B
9030,38,A
9031,16,B
9032,97,C
9033,5,B
9034,92,B
9035,23,A
9036,95,B
9037,94,A
9038,46,B
9039,89,A
9040,34,C
9041,73,C
9042,92,B
9043,31,B
9044,33,B
9045,90,B
9046,23,A
9047,30,B
9048,72,A
9049,99,B
9050,76,A
9051,40,A
9052,33,C
9053,9,B
9054,27,C
9055,85,A
9056,21,A
9057,4,B
9058,53,C
9059,80,C
9060,86,A
9061,11,C
9062,8,C
9063,1,A
9064,28,B
9065,64,B
9066,5,B
9067,34,B
9068,20,C
9069,4,B
9070,82,A
9071,16,A
9072,51,B
9073,46,C
9074,29,A
9075,49,A
9076,30,A
9077,23,A
9078,4,C
9079,75,C
9080,13,B
9081,43,C
9082,70,C
9083,79,B
9084,45,C
9085,61,A
9086,27,C
9087,30,A
9088,84,C
9089,48,A
9090,54,C
9091,29,B
9092,94,B
9093,59,B
9094,33,B
9095,59,C
9096,57,B
9097,96,B
9098,73,A
9099,16,B
9100,81,A
9101,81,A
9102,8,C
9103,43,B
9104,71,B
9105,1,C
9106,7,A
9107,8,A
9108,11,B
9109,15,B
9110,14,B
9111,35,A
9112,36,C
9113,71,B
9114,88,C
9115,46,B
9116,27,B
9117,12,C
9118,72,C
9119,27,C
9120,46,B
9121,58,B
9122,63,A
9123,53,B
9124,80,C
9125,99,A
9126,4,C
9127,48,A
9128,33,A
9129,79,A
9130,86,C
9131,72,C
9132,90,A
9133,53,A
9134,41,C
9135,40,C
9136,20,B
9137,84,C
9138,78,A
9139,27,A
9140,21,A
9141,92,A
9142,46,A
9143,48,B
9144,20,A
9145,78,B
9146,52,A
9147,21,B
9148,21,C
9149,75,C
9150,94,C
9151,31,C
9152,70,C
9153,43,A
9154,28,B
9155,12,B
9156,45,B
9157,86,C
9158,65,B
9159,40,B
9160,69,B
9161,13,A
9162,65,A
9163,78,B
9164,35,C
9165,44,C
9166,69,B
9167,16,B
9168,58,B
9169,79,A
9170,3,C
9171,94,B
9172,42,A
9173,95,C
9174,5,B
9175,3,C
9176,99,A
9177,45,B
9178,78,B
9179,27,A
9180,21,A
9181,7,A
9182,49,B
9183,60,B
9184,1,B
9185,9,C
9186,28,C
9187,38,C
9188,67,C
9189,98,C
9190,22,C
9191,16,A
9192,71,A
9193,62,B
9194,92,C
9195,8,A
9196,64,C
9197,73,B
9198,66,B
9199,12,C
9200,41,C
9201,19,A
9202,85,C
9203,3,A
9204,89,A
9205,93,C
9206,25,B
9207,54,A
9208,46,B
9209,21,C
9210,21,A
9211,84,C
9212,51,B
9213,10,A
9214,81,C
9215,28,B
9216,83,B
9217,69,C
9218,79,A
9219,74,C
9220,43,C
9221,3,C
9222,87,C
9223,76,B
9224,44,A
9225,3,C
9226,99,C
9227,52,A
9228,32,C
9229,35,C
9230,33,B
9231,31,A
9232,60,A
9233,11,C
9234,80,A
9235,14,B
9236,58,B
9237,81,B
9238,60,B
9239,95,B
9240,19,B
9241,33,B
9242,47,B
9243,99,C
9244,8,C
9245,93,B
9246,40,C
9247,59,C
9248,87,C
9249,10,B
9250,2,B
9251,81,B
9252,8,B
9253,14,B
9254,62,A
9255,98,A
9256,26,A
9257,28,C
9258,99,B
9259,80,A
9260,88,C
9261,53,C
9262,95,C
9263,75,A
9264,44,C
9265,32,A
9266,80,A
9267,99,B
9268,25,A
9269,39,A
9270,67,B
9271,50,B
9272,93,B
9273,39,A
9274,94,A
9275,61,B
9276,91,A
9277,23,C
9278,20,A
9279,98,B
9280,9,C
9281,55,A
9282,83,B
9283,74,A
9284,42,A
9285,81,A
9286,30,A
9287,1,B
9288,22,C
9289,95,A
9290,80,C
9291,0,A
9292,15,B
9293,12,C
9294,57,C
9295,47,C
9296,59,B
9297,69,C
9298,4,C
9299,65,C
9300,37,A
9301,90,A
9302,81,C
9303,17,C
9304,65,B
9305,66,B
9306,48,A
9307,18,C
9308,55,A
9309,18,C
9310,55,A
9311,13,C
9312,66,C
9313,3,C
9314,0,A
9315,15,A
9316,20,A
9317,87,C
9318,73,A
9319,30,C
9320,92,A
9321,69,C
9322,62,A
9323,38,B
9324,50,B
9325,78,B
9326,53,B
9327,44,B
9328,88,C
9329,80,C
9330,52,B
9331,16,C
9332,59,C
9333,68,C
9334,18,B
9335,58,B
9336,99,B
9337,58,B
9338,97,C
9339,95,A
9340,64,A
9341,60,C
9342,86,A
9343,92,B
9344,48,C
9345,3,C
9346,10,A
9347,1,B
9348,38,C
9349,93,A
9350,17,C
9351,54,A
9352,85,B
9353,56,B
9354,79,B
9355,22,C
9356,10,C
9357,59,C
9358,71,C
9359,73,A
9360,60,A
9361,4,C
9362,19,A
9363,97,C
9364,26,C
9365,66,C
9366,8,C
9367,6,A
9368,17,B
9369,19,C
9370,42,B
9371,54,A
9372,21,C
9373,93,B
9374,54,B
9375,16,C
9376,96,A
9377,30,B
9378,13,C
9379,63,C
9380,76,C
9381,28,C
9382,85,A
9383,61,A
9384,77,A
9385,55,A
9386,57,A
9387,52,A
9388,85,A
9389,82,A
9390,51,A
9391,20,C
9392,36,C
9393,62,A
9394,74,C
9395,43,B
9396,56,B
9397,62,B
9398,74,A
9399,78,C
9400,49,B
9401,38,C
9402,87,B
9403,5,B
9404,96,B
9405,52,B
9406,55,B
9407,3,C
9408,79,A
9409,88,B
9410,83,B
9411,15,C
9412,50,C
9413,67,B
9414,2,C
9415,26,C
9416,64,B
9417,3,C
9418,20,B
9419,79,B
9420,32,A
9421,59,C
9422,34,A
9423,94,B
9424,54,C
9425,75,B
9426,42,C
9427,6,C
9428,98,B
9429,56,A
9430,69,B
9431,80,B
9432,32,A
9433,78,B
9434,73,A
9435,29,A
9436,57,C
9437,56,C
9438,97,C
9439,86,A
9440,14,B
9441,48,A
9442,87,A
9443,64,A
9444,75,C
9445,18,C
9446,27,C
9447,71,A
9448,99,C
9449,71,C
9450,99,B
9451,54,B
9452,24,A
9453,3,A
9454,20,B
9455,38,A
9456,70,A
9457,77,B
9458,30,A
9459,72,B
9460,71,C
9461,97,B
9462,23,B
9463,54,C
9464,26,B
9465,28,C
9466,76,A
9467,45,B
9468,5,A
9469,39,B
9470,78,B
9471,99,C
9472,19,B
9473,18,B
9474,74,A
9475,4,C
9476,95,B
9477,52,C
9478,29,B
9479,18,C
9480,10,A
9481,10,B
9482,50,A
9483,38,B
9484,71,C
9485,99,B
9486,13,B
9487,74,A
9488,79,C
9489,62,C
9490,9,A
9491,81,B
9492,17,A
9493,34,A
9494,87,A
9495,94,B
9496,91,C
9497,74,B
9498,24,C
9499,48,A
9500,7,C
9501,52,A
9502,98,A
9503,0,A
9504,61,A
9505,41,C
9506,89,A
9507,33,B
9508,54,A
9509,60,C
9510,20,B
9511,73,B
9512,50,C
9513,69,B
9514,38,C
9515,88,A
9516,12,B
9517,82,A
9518,82,B
9519,31,C
9520,17,C
9521,11,B
9522,93,A
9523,86,B
9524,63,C
9525,94,C
9526,10,B
9527,15,B
9528,42,C
9529,9,C
9530,78,C
9531,17,C
9532,27,B
9533,51,A
9534,58,C
9535,3,C
9536,24,C
9537,33,B
9538,70,B
9539,7,B
9540,47,B
9541,40,B
9542,25,A
9543,38,B
9544,19,A
9545,1,A
9546,26,A
9547,41,C
9548,19,C
9549,46,A
9550,88,A
9551,8,B
9552,66,B
9553,40,A
9554,3,C
9555,15,B
9556,35,C
9557,78,A
9558,5,A
9559,52,C
9560,73,A
9561,13,C
9562,62,C
9563,66,B
9564,22,B
9565,44,C
9566,81,C
9567,29,B
9568,39,B
9569,44,A
9570,35,C
9571,2,A
9572,90,B
9573,49,A
9574,56,A
9575,45,A
9576,70,C
9577,12,A
9578,68,B
9579,65,A
9580,1,C
9581,12,C
9582,19,A
9583,76,A
9584,10,C
9585,48,A
9586,44,A
9587,65,A
9588,22,C
9589,14,C
9590,68,C
9591,40,C
9592,43,A
9593,53,C
9594,1,B
9595,38,B
9596,1,C
9597,75,A
9598,71,A
9599,4,B
9600,6,B
9601,65,A
9602,36,C
9603,68,C
9604,98,A
9605,34,A
9606,88,B
9607,63,B
9608,62,C
9609,19,A
9610,92,A
9611,44,C
9612,91,C
9613,34,A
9614,96,A
9615,68,A
9616,82,A
9617,63,A
9618,1,C
9619,55,C
9620,92,A
9621,69,A
9622,75,A
9623,66,B
9624,57,C
9625,27,B
9626,85,B
9627,27,B
9628,28,C
9629,16,B
9630,6,C
9631,39,C
9632,34,C
9633,33,B
9634,71,A
9635,3,B
9636,87,B
9637,21,B
9638,13,B
9639,11,B
9640,60,A
9641,83,A
9642,41,B
9643,15,A
9644,64,B
9645,3,A
9646,49,A
9647,94,A
9648,37,B
9649,98,A
9650,77,A
9651,11,A
9652,70,A
9653,81,A
9654,46,B
9655,50,C
9656,78,C
9657,97,B
9658,19,C
9659,14,A
9660,23,B
9661,88,B
9662,16,B
9663,77,A
9664,88,B
9665,76,B
9666,79,A
9667,59,B
9668,66,A
9669,22,B
9670,87,C
9671,23,C
9672,83,C
9673,53,C
9674,70,B
9675,55,B
9676,56,C
9677,87,A
9678,14,A
9679,29,A
9680,95,A
9681,38,C
9682,26,B
9683,48,B
9684,38,C
9685,21,B
9686,9,A
9687,62,B
9688,1,B
9689,55,C
9690,70,A
9691,98,A
9692,69,C
9693,83,B
9694,69,C
9695,18,B
9696,93,A
9697,30,B
9698,31,B
9699,4,B
9700,91,A
9701,14,A
9702,34,B
9703,64,C
9704,14,C
9705,54,C
9706,66,A
9707,55,C
9708,21,A
9709,89,A
9710,93,B
9711,34,B
9712,45,A
9713,60,B
9714,87,A
9715,67,B
9716,65,C
9717,76,A
9718,60,B
9719,23,A
9720,34,B
9721,53,C
9722,9,A
9723,93,C
9724,18,B
9725,54,B
9726,7,B
9727,99,A
9728,1,C
9729,33,A
9730,58,C
9731,7,B
9732,5,B
9733,74,A
9734,42,C
9735,51,A
9736,39,A
9737,13,B
9738,44,C
9739,37,C
9740,59,B
9741,59,B
9742,36,C
9743,31,C
9744,83,C
9745,2,A
9746,16,C
9747,30,B
9748,45,A
9749,2,C
9750,65,A
9751,17,C
9752,33,B
9753,62,B
9754,27,C
9755,95,A
9756,16,A
9757,61,A
9758,67,A
9759,81,B
9760,37,A
9761,21,B
9762,5,C
9763,88,B
9764,89,C
9765,40,A
9766,42,B
9767,40,C
9768,76,A
9769,66,C
9770,96,B
9771,99,C
9772,3,A
9773,72,A
9774,74,C
9775,67,A
9776,5,A
9777,84,A
9778,41,A
9779,15,B
9780,18,B
9781,34,C
9782,94,C
9783,17,B
9784,89,B
9785,60,C
9786,66,B
9787,36,C
9788,46,A
9789,72,C
9790,27,B
9791,44,C
9792,46,B
9793,66,B
9794,22,C
9795,38,B
9796,8,B
9797,1,C
9798,76,C
9799,40,B
9800,95,B
9801,83,B
9802,4,A
9803,50,B
9804,34,C
9805,91,A
9806,87,A
9807,40,C
9808,69,A
9809,65,B
9810,96,A
9811,5,C
9812,6,B
9813,90,B
9814,8,C
9815,69,C
9816,74,C
9817,49,C
9818,45,A
9819,31,C
9820,53,C
9821,24,C
9822,9,A
9823,68,A
9824,88,B
9825,77,A
9826,6,C
9827,73,A
9828,24,C
9829,23,B
9830,24,C
9831,82,A
9832,35,C
9833,26,B
9834,22,A
9835,98,C
9836,35,B
9837,33,B
9838,4,C
9839,17,C
9840,56,B
9841,62,B
9842,35,A
9843,98,C
9844,40,B
9845,84,A
9846,19,C
9847,30,A
9848,42,A
9849,97,B
9850,40,B
9851,40,A
9852,69,C
9853,60,C
9854,75,C
9855,50,C
9856,40,C
9857,89,B
9858,78,B
9859,51,C
9860,7,B
9861,41,C
9862,18,B
9863,71,B
9864,33,A
9865,87,B
9866,92,A
9867,81,A
9868,97,C
9869,23,B
9870,46,A
9871,15,C
9872,36,C
9873,42,B
9874,34,B
9875,87,C
9876,62,A
9877,77,B
9878,30,C
9879,98,A
9880,45,A
9881,48,B
9882,47,A
9883,13,A
9884,29,A
9885,26,B
9886,61,A
9887,31,B
9888,62,A
9889,50,A
9890,11,C
9891,9,B
9892,31,C
9893,91,C
9894,96,C
9895,77,C
9896,64,A
9897,94,A
9898,61,C
9899,62,A
9900,23,B
9901,47,B
9902,93,A
9903,58,B
9904,39,B
9905,91,A
9906,93,C
9907,89,B
9908,71,A
9909,45,A
9910,57,C
9911,23,C
9912,69,C
9913,18,A
9914,32,A
9915,26,C
9916,86,A
9917,48,A
9918,25,C
9919,23,A
9920,55,A
9921,18,A
9922,55,C
9923,93,C
9924,50,C
9925,41,C
9926,11,C
9927,4,B
9928,2,C
9929,99,B
9930,28,B
9931,30,C
9932,17,A
9933,10,B
9934,23,C
9935,69,A
9936,20,A
9937,24,B
9938,69,C
9939,15,C
9940,80,B
9941,60,C
9942,10,B
9943,70,C
9944,93,A
9945,13,B
9946,27,C
9947,12,A
9948,57,A
9949,51,C
9950,8,B
9951,28,C
9952,74,C
9953,58,A
9954,92,A
9955,64,A
9956,78,A
9957,27,C
9958,69,C
9959,31,B
9960,57,C
9961,31,A
9962,40,C
9963,55,A
9964,0,C
9965,18,A
9966,39,A
9967,18,B
9968,9,C
9969,5,C
9970,52,A
9971,83,A
9972,58,C
9973,16,B
9974,69,B
9975,38,B
9976,52,B
9977,79,C
9978,23,A
9979,14,C
9980,45,C
9981,55,A
9982,43,B
9983,40,C
9984,23,C
9985,13,A
9986,37,C
9987,13,A
9988,36,A
9989,96,B
9990,35,B
9991,10,A
9992,26,B
9993,98,B
9994,30,C
9995,57,B
9996,88,A
9997,24,C
9998,45,C
9999,84,B
10000,4,A
